Process Instance;Activity Name;Arrival;Start;Complete;Resources;Batch Number;Cluster Id;Batch Type;Natural Arrival Time
1;Entrada Material Sucio;2022-01-01 07:00:00;2022-01-01 07:00:00;2022-01-01 07:21:29;Usuario_AV;1;sid-5CBD3FF6-7B24-4CF2-8A46-F93DC969E27F;PARALLEL;
1;Cargado en carro L+D;2022-01-01 07:21:29;2022-01-01 07:21:29;2022-01-01 07:35:07;Usuario_AV;1;sid-7EA6B7E4-DF8E-409C-BA8B-67277BC5B31E;PARALLEL;
1;Carga L+D iniciada;2022-01-01 07:35:07;2022-01-01 07:35:07;2022-01-01 07:40:43;Usuario_AV;1;sid-AC68D104-4A40-4D25-A104-EF41EB1745A2;PARALLEL;
1;Instrumental normal;2022-01-01 07:40:43;2022-01-01 07:40:43;2022-01-01 08:40:43;Lavadora_#2;1;sid-B97A3A60-5F52-4BF8-81D8-7C005B14880E;PARALLEL;
1;Carga L+D liberada;2022-01-01 08:40:43;2022-01-01 08:55:55;2022-01-01 09:01:37;Usuario_AV;1;sid-0843CAC2-1650-439C-A750-FF8B35823E8A;PARALLEL;
1;assemply;2022-01-01 09:01:37;2022-01-01 09:12:54;2022-01-01 09:12:54;Usuario_AV;1;Activity_0n8tvc1;SEQUENTIAL_TASKBASED;
1;Montaje;2022-01-01 09:12:54;2022-01-01 09:12:54;2022-01-01 09:12:54;;1;Activity_0n8tvc1;SEQUENTIAL_TASKBASED;2022-01-01 09:01:37
1;Producción montada;2022-01-01 09:12:54;2022-01-01 09:12:54;2022-01-01 09:12:54;;1;Activity_0n8tvc1;SEQUENTIAL_TASKBASED;2022-01-01 09:12:54
1;Composición de cargas;2022-01-01 09:12:54;2022-01-01 09:19:32;2022-01-01 09:25:08;Usuario_AV;1;sid-1E2C1856-73F2-4126-A306-F50DE79D3093;PARALLEL;
1;PRIONES;2022-01-01 09:25:08;2022-01-01 09:25:08;2022-01-01 10:33:50;Autoclave_#2;1;sid-C2BAE868-4117-4EC9-965B-EB16ABA26E8A;PARALLEL;
1;Carga de esterilizador liberada;2022-01-01 10:33:50;2022-01-01 10:38:49;2022-01-01 10:43:13;Usuario_AV;1;sid-B6CA039C-A65D-4FB9-A43D-46FA7BADDBC4;PARALLEL;
2;Entrada Material Sucio;2022-01-01 07:59:35;2022-01-01 07:59:35;2022-01-01 08:05:56;Usuario_AV;2;sid-5CBD3FF6-7B24-4CF2-8A46-F93DC969E27F;PARALLEL;
2;Cargado en carro L+D;2022-01-01 08:05:56;2022-01-01 08:05:56;2022-01-01 08:05:56;Usuario_AV;2;sid-7EA6B7E4-DF8E-409C-BA8B-67277BC5B31E;PARALLEL;
2;Carga L+D iniciada;2022-01-01 08:05:56;2022-01-01 08:05:56;2022-01-01 08:08:01;Usuario_AV;2;sid-AC68D104-4A40-4D25-A104-EF41EB1745A2;PARALLEL;
2;Instrumental normal;2022-01-01 08:08:01;2022-01-01 08:08:01;2022-01-01 09:08:01;Lavadora_#0;2;sid-B97A3A60-5F52-4BF8-81D8-7C005B14880E;PARALLEL;
2;Carga L+D liberada;2022-01-01 09:08:01;2022-01-01 09:12:54;2022-01-01 09:14:30;Usuario_AV;2;sid-0843CAC2-1650-439C-A750-FF8B35823E8A;PARALLEL;
2;assemply;2022-01-01 09:14:30;2022-01-01 09:25:08;2022-01-01 09:25:08;Usuario_AV;2;Activity_0n8tvc1;SEQUENTIAL_TASKBASED;
2;Montaje;2022-01-01 09:25:08;2022-01-01 09:25:08;2022-01-01 09:25:08;;2;Activity_0n8tvc1;SEQUENTIAL_TASKBASED;2022-01-01 09:14:30
2;Producción montada;2022-01-01 09:25:08;2022-01-01 09:25:08;2022-01-01 09:25:08;;2;Activity_0n8tvc1;SEQUENTIAL_TASKBASED;2022-01-01 09:25:08
2;Composición de cargas;2022-01-01 09:25:08;2022-01-01 09:25:08;2022-01-01 09:27:13;Usuario_AV;2;sid-1E2C1856-73F2-4126-A306-F50DE79D3093;PARALLEL;
2;INTRUM;2022-01-01 09:27:13;2022-01-01 09:27:13;2022-01-01 10:35:55;Autoclave_#0;1;sid-257780B6-2484-4B65-891F-01BF1C344E5E;PARALLEL;
2;Carga de esterilizador liberada;2022-01-01 10:35:55;2022-01-01 10:38:49;2022-01-01 10:43:13;Usuario_AV;1;sid-B6CA039C-A65D-4FB9-A43D-46FA7BADDBC4;PARALLEL;
3;Entrada Material Sucio;2022-01-01 08:36:52;2022-01-01 08:36:52;2022-01-01 08:55:55;Usuario_AV;3;sid-5CBD3FF6-7B24-4CF2-8A46-F93DC969E27F;PARALLEL;
3;Cargado en carro L+D;2022-01-01 08:55:55;2022-01-01 09:01:37;2022-01-01 09:12:54;Usuario_AV;3;sid-7EA6B7E4-DF8E-409C-BA8B-67277BC5B31E;PARALLEL;
3;Carga L+D iniciada;2022-01-01 09:12:54;2022-01-01 09:14:30;2022-01-01 09:19:32;Usuario_AV;3;sid-AC68D104-4A40-4D25-A104-EF41EB1745A2;PARALLEL;
3;Instrumental normal;2022-01-01 09:19:32;2022-01-01 09:19:32;2022-01-01 10:19:32;Lavadora_#1;3;sid-B97A3A60-5F52-4BF8-81D8-7C005B14880E;PARALLEL;
3;Carga L+D liberada;2022-01-01 10:19:32;2022-01-01 10:21:46;2022-01-01 10:26:49;Usuario_AV;3;sid-0843CAC2-1650-439C-A750-FF8B35823E8A;PARALLEL;
3;assemply;2022-01-01 10:26:49;2022-01-01 10:30:34;2022-01-01 10:30:34;Usuario_AV;3;Activity_0n8tvc1;SEQUENTIAL_TASKBASED;
3;Montaje;2022-01-01 10:30:34;2022-01-01 10:30:34;2022-01-01 10:30:34;;3;Activity_0n8tvc1;SEQUENTIAL_TASKBASED;2022-01-01 10:26:49
3;Producción montada;2022-01-01 10:30:34;2022-01-01 10:30:34;2022-01-01 10:30:34;;3;Activity_0n8tvc1;SEQUENTIAL_TASKBASED;2022-01-01 10:30:34
3;Composición de cargas;2022-01-01 10:30:34;2022-01-01 10:33:47;2022-01-01 10:38:49;Usuario_AV;3;sid-1E2C1856-73F2-4126-A306-F50DE79D3093;PARALLEL;
3;PRIONES;2022-01-01 10:38:49;2022-01-01 10:38:49;2022-01-01 11:40:34;Autoclave_#1;2;sid-C2BAE868-4117-4EC9-965B-EB16ABA26E8A;PARALLEL;
3;Carga de esterilizador liberada;2022-01-01 11:40:34;2022-01-01 11:40:34;2022-01-01 11:42:37;Usuario_AV;2;sid-B6CA039C-A65D-4FB9-A43D-46FA7BADDBC4;PARALLEL;
4;Entrada Material Sucio;2022-01-01 09:32:51;2022-01-01 09:32:51;2022-01-01 09:39:29;Usuario_AV;4;sid-5CBD3FF6-7B24-4CF2-8A46-F93DC969E27F;PARALLEL;
4;Cargado en carro L+D;2022-01-01 09:39:29;2022-01-01 09:39:29;2022-01-01 09:39:29;Usuario_AV;4;sid-7EA6B7E4-DF8E-409C-BA8B-67277BC5B31E;PARALLEL;
4;Carga L+D iniciada;2022-01-01 09:39:29;2022-01-01 09:39:29;2022-01-01 09:41:38;Usuario_AV;4;sid-AC68D104-4A40-4D25-A104-EF41EB1745A2;PARALLEL;
4;Instrumental normal;2022-01-01 09:41:38;2022-01-01 09:41:38;2022-01-01 10:41:38;Lavadora_#0;4;sid-B97A3A60-5F52-4BF8-81D8-7C005B14880E;PARALLEL;
4;Carga L+D liberada;2022-01-01 10:41:38;2022-01-01 10:43:13;2022-01-01 10:44:54;Usuario_AV;4;sid-0843CAC2-1650-439C-A750-FF8B35823E8A;PARALLEL;
4;assemply;2022-01-01 10:44:54;2022-01-01 10:44:54;2022-01-01 10:44:54;Usuario_AV;4;Activity_0n8tvc1;SEQUENTIAL_TASKBASED;
4;Montaje;2022-01-01 10:44:54;2022-01-01 10:44:54;2022-01-01 10:44:54;;4;Activity_0n8tvc1;SEQUENTIAL_TASKBASED;2022-01-01 10:44:54
4;Producción montada;2022-01-01 10:44:54;2022-01-01 10:44:54;2022-01-01 10:44:54;;4;Activity_0n8tvc1;SEQUENTIAL_TASKBASED;2022-01-01 10:44:54
4;Composición de cargas;2022-01-01 10:44:54;2022-01-01 10:44:54;2022-01-01 10:47:03;Usuario_AV;4;sid-1E2C1856-73F2-4126-A306-F50DE79D3093;PARALLEL;
4;INTRUM;2022-01-01 10:47:03;2022-01-01 10:47:03;2022-01-01 11:48:48;Autoclave_#0;2;sid-257780B6-2484-4B65-891F-01BF1C344E5E;PARALLEL;
4;Carga de esterilizador liberada;2022-01-01 11:48:48;2022-01-01 11:55:39;2022-01-01 11:59:40;Usuario_AV;3;sid-B6CA039C-A65D-4FB9-A43D-46FA7BADDBC4;PARALLEL;
5;Entrada Material Sucio;2022-01-01 10:10:34;2022-01-01 10:10:34;2022-01-01 10:21:46;Usuario_AV;5;sid-5CBD3FF6-7B24-4CF2-8A46-F93DC969E27F;PARALLEL;
5;Cargado en carro L+D;2022-01-01 10:21:46;2022-01-01 10:26:49;2022-01-01 10:30:34;Usuario_AV;5;sid-7EA6B7E4-DF8E-409C-BA8B-67277BC5B31E;PARALLEL;
5;Carga L+D iniciada;2022-01-01 10:30:34;2022-01-01 10:30:34;2022-01-01 10:33:47;Usuario_AV;5;sid-AC68D104-4A40-4D25-A104-EF41EB1745A2;PARALLEL;
5;Instrumental normal;2022-01-01 10:33:47;2022-01-01 10:33:47;2022-01-01 11:33:47;Lavadora_#2;5;sid-B97A3A60-5F52-4BF8-81D8-7C005B14880E;PARALLEL;
5;Carga L+D liberada;2022-01-01 11:33:47;2022-01-01 11:33:47;2022-01-01 11:36:42;Usuario_AV;5;sid-0843CAC2-1650-439C-A750-FF8B35823E8A;PARALLEL;
5;assemply;2022-01-01 11:36:42;2022-01-01 11:36:42;2022-01-01 11:36:42;Usuario_AV;5;Activity_0n8tvc1;SEQUENTIAL_TASKBASED;
5;Montaje;2022-01-01 11:36:42;2022-01-01 11:36:42;2022-01-01 11:36:42;;5;Activity_0n8tvc1;SEQUENTIAL_TASKBASED;2022-01-01 11:36:42
5;Producción montada;2022-01-01 11:36:42;2022-01-01 11:36:42;2022-01-01 11:36:42;;5;Activity_0n8tvc1;SEQUENTIAL_TASKBASED;2022-01-01 11:36:42
5;Composición de cargas;2022-01-01 11:36:42;2022-01-01 11:36:42;2022-01-01 11:39:55;Usuario_AV;5;sid-1E2C1856-73F2-4126-A306-F50DE79D3093;PARALLEL;
5;INTRUM;2022-01-01 11:39:55;2022-01-01 11:39:55;2022-01-01 12:47:30;Autoclave_#2;3;sid-257780B6-2484-4B65-891F-01BF1C344E5E;PARALLEL;
5;Carga de esterilizador liberada;2022-01-01 12:47:30;2022-01-01 12:53:56;2022-01-01 12:56:02;Usuario_AV;4;sid-B6CA039C-A65D-4FB9-A43D-46FA7BADDBC4;PARALLEL;
6;Entrada Material Sucio;2022-01-01 10:55:00;2022-01-01 10:55:00;2022-01-01 11:10:08;Usuario_AV;6;sid-5CBD3FF6-7B24-4CF2-8A46-F93DC969E27F;PARALLEL;
6;Cargado en carro L+D;2022-01-01 11:10:08;2022-01-01 11:10:08;2022-01-01 11:17:40;Usuario_AV;6;sid-7EA6B7E4-DF8E-409C-BA8B-67277BC5B31E;PARALLEL;
6;Carga L+D iniciada;2022-01-01 11:17:40;2022-01-01 11:17:40;2022-01-01 11:21:48;Usuario_AV;6;sid-AC68D104-4A40-4D25-A104-EF41EB1745A2;PARALLEL;
6;Instrumental normal;2022-01-01 11:21:48;2022-01-01 11:21:48;2022-01-01 12:21:48;Lavadora_#3;6;sid-B97A3A60-5F52-4BF8-81D8-7C005B14880E;PARALLEL;
6;Carga L+D liberada;2022-01-01 12:21:48;2022-01-01 12:21:48;2022-01-01 12:25:47;Usuario_AV;6;sid-0843CAC2-1650-439C-A750-FF8B35823E8A;PARALLEL;
6;assemply;2022-01-01 12:25:47;2022-01-01 12:25:47;2022-01-01 12:25:47;Usuario_AV;6;Activity_0n8tvc1;SEQUENTIAL_TASKBASED;
6;Montaje;2022-01-01 12:25:47;2022-01-01 12:25:47;2022-01-01 12:25:47;;6;Activity_0n8tvc1;SEQUENTIAL_TASKBASED;2022-01-01 12:25:47
6;Producción montada;2022-01-01 12:25:47;2022-01-01 12:25:47;2022-01-01 12:25:47;;6;Activity_0n8tvc1;SEQUENTIAL_TASKBASED;2022-01-01 12:25:47
6;Composición de cargas;2022-01-01 12:25:47;2022-01-01 12:25:47;2022-01-01 12:29:55;Usuario_AV;6;sid-1E2C1856-73F2-4126-A306-F50DE79D3093;PARALLEL;
6;INTRUM;2022-01-01 12:29:55;2022-01-01 12:29:55;2022-01-01 13:31:25;Autoclave_#1;4;sid-257780B6-2484-4B65-891F-01BF1C344E5E;PARALLEL;
6;Carga de esterilizador liberada;2022-01-01 13:31:25;2022-01-01 13:31:25;2022-01-01 13:34:13;Usuario_AV;5;sid-B6CA039C-A65D-4FB9-A43D-46FA7BADDBC4;PARALLEL;
7;Entrada Material Sucio;2022-01-01 11:45:14;2022-01-01 11:45:14;2022-01-01 11:55:39;Usuario_AV;7;sid-5CBD3FF6-7B24-4CF2-8A46-F93DC969E27F;PARALLEL;
7;Cargado en carro L+D;2022-01-01 11:55:39;2022-01-01 11:59:40;2022-01-01 12:02:40;Usuario_AV;7;sid-7EA6B7E4-DF8E-409C-BA8B-67277BC5B31E;PARALLEL;
7;Carga L+D iniciada;2022-01-01 12:02:40;2022-01-01 12:02:40;2022-01-01 12:05:42;Usuario_AV;7;sid-AC68D104-4A40-4D25-A104-EF41EB1745A2;PARALLEL;
7;Instrumental normal;2022-01-01 12:05:42;2022-01-01 12:05:42;2022-01-01 13:05:42;Lavadora_#1;7;sid-B97A3A60-5F52-4BF8-81D8-7C005B14880E;PARALLEL;
7;Carga L+D liberada;2022-01-01 13:05:42;2022-01-01 13:12:06;2022-01-01 13:14:48;Usuario_AV;7;sid-0843CAC2-1650-439C-A750-FF8B35823E8A;PARALLEL;
7;assemply;2022-01-01 13:14:48;2022-01-01 13:21:00;2022-01-01 13:21:00;Usuario_AV;7;Activity_0n8tvc1;SEQUENTIAL_TASKBASED;
7;Montaje;2022-01-01 13:21:00;2022-01-01 13:21:00;2022-01-01 13:21:00;;7;Activity_0n8tvc1;SEQUENTIAL_TASKBASED;2022-01-01 13:14:48
7;Producción montada;2022-01-01 13:21:00;2022-01-01 13:21:00;2022-01-01 13:21:00;;7;Activity_0n8tvc1;SEQUENTIAL_TASKBASED;2022-01-01 13:21:00
7;Composición de cargas;2022-01-01 13:21:00;2022-01-01 13:21:00;2022-01-01 13:24:02;Usuario_AV;7;sid-1E2C1856-73F2-4126-A306-F50DE79D3093;PARALLEL;
7;INTRUM;2022-01-01 13:24:02;2022-01-01 13:24:02;2022-01-01 14:25:28;Autoclave_#3;5;sid-257780B6-2484-4B65-891F-01BF1C344E5E;PARALLEL;
7;Carga de esterilizador liberada;2022-01-01 14:25:28;2022-01-01 14:29:55;2022-01-01 14:33:20;Usuario_BM;6;sid-B6CA039C-A65D-4FB9-A43D-46FA7BADDBC4;PARALLEL;
8;Entrada Material Sucio;2022-01-01 12:28:31;2022-01-01 12:29:55;2022-01-01 12:53:56;Usuario_AV;8;sid-5CBD3FF6-7B24-4CF2-8A46-F93DC969E27F;PARALLEL;
8;Cargado en carro L+D;2022-01-01 12:53:56;2022-01-01 12:56:02;2022-01-01 13:12:06;Usuario_AV;8;sid-7EA6B7E4-DF8E-409C-BA8B-67277BC5B31E;PARALLEL;
8;Carga L+D iniciada;2022-01-01 13:12:06;2022-01-01 13:14:48;2022-01-01 13:21:00;Usuario_AV;8;sid-AC68D104-4A40-4D25-A104-EF41EB1745A2;PARALLEL;
8;Instrumental normal;2022-01-01 13:21:00;2022-01-01 13:21:00;2022-01-01 14:21:00;Lavadora_#0;8;sid-B97A3A60-5F52-4BF8-81D8-7C005B14880E;PARALLEL;
8;Carga L+D liberada;2022-01-01 14:21:00;2022-01-01 14:21:38;2022-01-01 14:28:02;Usuario_BM;8;sid-0843CAC2-1650-439C-A750-FF8B35823E8A;PARALLEL;
8;assemply;2022-01-01 14:28:02;2022-01-01 14:33:20;2022-01-01 14:33:20;Usuario_BM;8;Activity_0n8tvc1;SEQUENTIAL_TASKBASED;
8;Montaje;2022-01-01 14:33:20;2022-01-01 14:33:20;2022-01-01 14:33:20;;8;Activity_0n8tvc1;SEQUENTIAL_TASKBASED;2022-01-01 14:28:02
8;Producción montada;2022-01-01 14:33:20;2022-01-01 14:33:20;2022-01-01 14:33:20;;8;Activity_0n8tvc1;SEQUENTIAL_TASKBASED;2022-01-01 14:33:20
8;Composición de cargas;2022-01-01 14:33:20;2022-01-01 14:36:06;2022-01-01 14:42:18;Usuario_BM;8;sid-1E2C1856-73F2-4126-A306-F50DE79D3093;PARALLEL;
8;CONTENE;2022-01-01 14:42:18;2022-01-01 14:42:18;2022-01-01 15:51:00;Autoclave_#0;1;sid-7431B6F2-819F-4562-9FB3-1EFE00367CD6;PARALLEL;
8;Carga de esterilizador liberada;2022-01-01 15:51:00;2022-01-01 16:07:53;2022-01-01 16:10:34;Usuario_BM;7;sid-B6CA039C-A65D-4FB9-A43D-46FA7BADDBC4;PARALLEL;
9;Entrada Material Sucio;2022-01-01 13:31:50;2022-01-01 13:34:13;2022-01-01 13:42:46;Usuario_AV;9;sid-5CBD3FF6-7B24-4CF2-8A46-F93DC969E27F;PARALLEL;
9;Cargado en carro L+D;2022-01-01 13:42:46;2022-01-01 13:42:46;2022-01-01 13:43:58;Usuario_AV;9;sid-7EA6B7E4-DF8E-409C-BA8B-67277BC5B31E;PARALLEL;
9;Carga L+D iniciada;2022-01-01 13:43:58;2022-01-01 13:43:58;2022-01-01 13:46:34;Usuario_AV;9;sid-AC68D104-4A40-4D25-A104-EF41EB1745A2;PARALLEL;
9;Instrumental normal;2022-01-01 13:46:34;2022-01-01 13:46:34;2022-01-01 14:46:34;Lavadora_#1;9;sid-B97A3A60-5F52-4BF8-81D8-7C005B14880E;PARALLEL;
9;Carga L+D liberada;2022-01-01 14:46:34;2022-01-01 14:46:34;2022-01-01 14:48:46;Usuario_BM;9;sid-0843CAC2-1650-439C-A750-FF8B35823E8A;PARALLEL;
9;assemply;2022-01-01 14:48:46;2022-01-01 14:48:46;2022-01-01 14:48:46;Usuario_BM;9;Activity_0n8tvc1;SEQUENTIAL_TASKBASED;
9;Montaje;2022-01-01 14:48:46;2022-01-01 14:48:46;2022-01-01 14:48:46;;9;Activity_0n8tvc1;SEQUENTIAL_TASKBASED;2022-01-01 14:48:46
9;Producción montada;2022-01-01 14:48:46;2022-01-01 14:48:46;2022-01-01 14:48:46;;9;Activity_0n8tvc1;SEQUENTIAL_TASKBASED;2022-01-01 14:48:46
9;Composición de cargas;2022-01-01 14:48:46;2022-01-01 14:48:46;2022-01-01 14:51:22;Usuario_BM;9;sid-1E2C1856-73F2-4126-A306-F50DE79D3093;PARALLEL;
9;INTRUM;2022-01-01 14:51:22;2022-01-01 14:51:22;2022-01-01 15:55:55;Autoclave_#3;6;sid-257780B6-2484-4B65-891F-01BF1C344E5E;PARALLEL;
9;Carga de esterilizador liberada;2022-01-01 15:55:55;2022-01-01 16:07:53;2022-01-01 16:10:34;Usuario_BM;7;sid-B6CA039C-A65D-4FB9-A43D-46FA7BADDBC4;PARALLEL;
10;Entrada Material Sucio;2022-01-01 14:12:22;2022-01-01 14:12:22;2022-01-01 14:21:38;Usuario_BM;10;sid-5CBD3FF6-7B24-4CF2-8A46-F93DC969E27F;PARALLEL;
10;Cargado en carro L+D;2022-01-01 14:21:38;2022-01-01 14:28:02;2022-01-01 14:29:55;Usuario_BM;10;sid-7EA6B7E4-DF8E-409C-BA8B-67277BC5B31E;PARALLEL;
10;Carga L+D iniciada;2022-01-01 14:29:55;2022-01-01 14:33:20;2022-01-01 14:36:06;Usuario_BM;10;sid-AC68D104-4A40-4D25-A104-EF41EB1745A2;PARALLEL;
10;Instrumental normal;2022-01-01 14:36:06;2022-01-01 14:36:06;2022-01-01 15:36:06;Lavadora_#3;10;sid-B97A3A60-5F52-4BF8-81D8-7C005B14880E;PARALLEL;
10;Carga L+D liberada;2022-01-01 15:36:06;2022-01-01 15:36:06;2022-01-01 15:38:30;Usuario_BM;10;sid-0843CAC2-1650-439C-A750-FF8B35823E8A;PARALLEL;
10;assemply;2022-01-01 15:38:30;2022-01-01 15:38:30;2022-01-01 15:38:30;Usuario_BM;10;Activity_0n8tvc1;SEQUENTIAL_TASKBASED;
10;Montaje;2022-01-01 15:38:30;2022-01-01 15:38:30;2022-01-01 15:38:30;;10;Activity_0n8tvc1;SEQUENTIAL_TASKBASED;2022-01-01 15:38:30
10;Producción montada;2022-01-01 15:38:30;2022-01-01 15:38:30;2022-01-01 15:38:30;;10;Activity_0n8tvc1;SEQUENTIAL_TASKBASED;2022-01-01 15:38:30
10;Composición de cargas;2022-01-01 15:38:30;2022-01-01 15:38:30;2022-01-01 15:41:16;Usuario_BM;10;sid-1E2C1856-73F2-4126-A306-F50DE79D3093;PARALLEL;
10;INTRUM;2022-01-01 15:41:16;2022-01-01 15:41:16;2022-01-01 16:43:15;Autoclave_#1;7;sid-257780B6-2484-4B65-891F-01BF1C344E5E;PARALLEL;
10;Carga de esterilizador liberada;2022-01-01 16:43:15;2022-01-01 16:43:15;2022-01-01 16:48:03;Usuario_BM;8;sid-B6CA039C-A65D-4FB9-A43D-46FA7BADDBC4;PARALLEL;
11;Entrada Material Sucio;2022-01-01 14:53:58;2022-01-01 14:53:58;2022-01-01 15:12:44;Usuario_BM;11;sid-5CBD3FF6-7B24-4CF2-8A46-F93DC969E27F;PARALLEL;
11;Cargado en carro L+D;2022-01-01 15:12:44;2022-01-01 15:12:44;2022-01-01 15:23:46;Usuario_BM;11;sid-7EA6B7E4-DF8E-409C-BA8B-67277BC5B31E;PARALLEL;
11;Carga L+D iniciada;2022-01-01 15:23:46;2022-01-01 15:23:46;2022-01-01 15:28:45;Usuario_BM;11;sid-AC68D104-4A40-4D25-A104-EF41EB1745A2;PARALLEL;
11;Priones;2022-01-01 15:28:45;2022-01-01 15:28:45;2022-01-01 16:28:45;Lavadora_#2;1;sid-08999B8E-F8FB-442F-AB30-4234EB32CAD0;PARALLEL;
11;Carga L+D liberada;2022-01-01 16:28:45;2022-01-01 16:28:45;2022-01-01 16:33:43;Usuario_BM;11;sid-0843CAC2-1650-439C-A750-FF8B35823E8A;PARALLEL;
11;assemply;2022-01-01 16:33:43;2022-01-01 16:33:43;2022-01-01 16:33:43;Usuario_BM;11;Activity_0n8tvc1;SEQUENTIAL_TASKBASED;
11;Montaje;2022-01-01 16:33:43;2022-01-01 16:33:43;2022-01-01 16:33:43;;11;Activity_0n8tvc1;SEQUENTIAL_TASKBASED;2022-01-01 16:33:43
11;Producción montada;2022-01-01 16:33:43;2022-01-01 16:33:43;2022-01-01 16:33:43;;11;Activity_0n8tvc1;SEQUENTIAL_TASKBASED;2022-01-01 16:33:43
11;Composición de cargas;2022-01-01 16:33:43;2022-01-01 16:33:43;2022-01-01 16:38:42;Usuario_BM;11;sid-1E2C1856-73F2-4126-A306-F50DE79D3093;PARALLEL;
11;No Lumen;2022-01-01 16:38:42;2022-01-01 16:38:42;2022-01-01 17:18:42;VPro_#0;1;sid-F03F8225-9329-4ACA-B8EF-063069770E29;PARALLEL;
11;Carga de esterilizador liberada;2022-01-01 17:18:42;2022-01-01 17:23:36;2022-01-01 17:26:00;Usuario_BM;9;sid-B6CA039C-A65D-4FB9-A43D-46FA7BADDBC4;PARALLEL;
12;Entrada Material Sucio;2022-01-01 15:49:33;2022-01-01 15:49:33;2022-01-01 16:07:53;Usuario_BM;12;sid-5CBD3FF6-7B24-4CF2-8A46-F93DC969E27F;PARALLEL;
12;Cargado en carro L+D;2022-01-01 16:07:53;2022-01-01 16:10:34;2022-01-01 16:21:10;Usuario_BM;12;sid-7EA6B7E4-DF8E-409C-BA8B-67277BC5B31E;PARALLEL;
12;Carga L+D iniciada;2022-01-01 16:21:10;2022-01-01 16:21:10;2022-01-01 16:26:02;Usuario_BM;12;sid-AC68D104-4A40-4D25-A104-EF41EB1745A2;PARALLEL;
12;Carros;2022-01-01 16:26:02;2022-01-01 16:26:02;2022-01-01 17:06:02;Jupiter_#0;1;sid-C2BCCE32-44D4-45A4-8477-486529D8C2F0;PARALLEL;
12;Carga L+D liberada;2022-01-01 17:06:02;2022-01-01 17:07:17;2022-01-01 17:12:08;Usuario_BM;12;sid-0843CAC2-1650-439C-A750-FF8B35823E8A;PARALLEL;
12;assemply;2022-01-01 17:12:08;2022-01-01 17:23:36;2022-01-01 17:23:36;Usuario_BM;12;Activity_0n8tvc1;SEQUENTIAL_TASKBASED;
12;Montaje;2022-01-01 17:23:36;2022-01-01 17:23:36;2022-01-01 17:23:36;;12;Activity_0n8tvc1;SEQUENTIAL_TASKBASED;2022-01-01 17:12:08
12;Producción montada;2022-01-01 17:23:36;2022-01-01 17:23:36;2022-01-01 17:23:36;;12;Activity_0n8tvc1;SEQUENTIAL_TASKBASED;2022-01-01 17:23:36
12;Composición de cargas;2022-01-01 17:23:36;2022-01-01 17:31:05;2022-01-01 17:35:57;Usuario_BM;12;sid-1E2C1856-73F2-4126-A306-F50DE79D3093;PARALLEL;
12;CONTENE;2022-01-01 17:35:57;2022-01-01 17:35:57;2022-01-01 18:37:42;Autoclave_#0;2;sid-7431B6F2-819F-4562-9FB3-1EFE00367CD6;PARALLEL;
12;Carga de esterilizador liberada;2022-01-01 18:37:42;2022-01-01 18:41:16;2022-01-01 18:43:46;Usuario_BM;10;sid-B6CA039C-A65D-4FB9-A43D-46FA7BADDBC4;PARALLEL;
13;Entrada Material Sucio;2022-01-01 16:44:30;2022-01-01 16:48:03;2022-01-01 17:07:17;Usuario_BM;13;sid-5CBD3FF6-7B24-4CF2-8A46-F93DC969E27F;PARALLEL;
13;Cargado en carro L+D;2022-01-01 17:07:17;2022-01-01 17:12:08;2022-01-01 17:23:36;Usuario_BM;13;sid-7EA6B7E4-DF8E-409C-BA8B-67277BC5B31E;PARALLEL;
13;Carga L+D iniciada;2022-01-01 17:23:36;2022-01-01 17:26:00;2022-01-01 17:31:05;Usuario_BM;13;sid-AC68D104-4A40-4D25-A104-EF41EB1745A2;PARALLEL;
13;Instrumental normal;2022-01-01 17:31:05;2022-01-01 17:31:05;2022-01-01 18:31:05;Lavadora_#0;11;sid-B97A3A60-5F52-4BF8-81D8-7C005B14880E;PARALLEL;
13;Carga L+D liberada;2022-01-01 18:31:05;2022-01-01 18:31:05;2022-01-01 18:36:11;Usuario_BM;13;sid-0843CAC2-1650-439C-A750-FF8B35823E8A;PARALLEL;
13;assemply;2022-01-01 18:36:11;2022-01-01 18:36:11;2022-01-01 18:36:11;Usuario_BM;13;Activity_0n8tvc1;SEQUENTIAL_TASKBASED;
13;Montaje;2022-01-01 18:36:11;2022-01-01 18:36:11;2022-01-01 18:36:11;;13;Activity_0n8tvc1;SEQUENTIAL_TASKBASED;2022-01-01 18:36:11
13;Producción montada;2022-01-01 18:36:11;2022-01-01 18:36:11;2022-01-01 18:36:11;;13;Activity_0n8tvc1;SEQUENTIAL_TASKBASED;2022-01-01 18:36:11
13;Composición de cargas;2022-01-01 18:36:11;2022-01-01 18:36:11;2022-01-01 18:41:16;Usuario_BM;13;sid-1E2C1856-73F2-4126-A306-F50DE79D3093;PARALLEL;
13;INTRUM;2022-01-01 18:41:16;2022-01-01 18:41:16;2022-01-01 19:52:09;Autoclave_#1;8;sid-257780B6-2484-4B65-891F-01BF1C344E5E;PARALLEL;
13;Carga de esterilizador liberada;2022-01-01 19:52:09;2022-01-01 19:52:09;2022-01-01 19:56:08;Usuario_BM;11;sid-B6CA039C-A65D-4FB9-A43D-46FA7BADDBC4;PARALLEL;
14;Entrada Material Sucio;2022-01-01 17:40:46;2022-01-01 17:40:46;2022-01-01 18:06:07;Usuario_BM;14;sid-5CBD3FF6-7B24-4CF2-8A46-F93DC969E27F;PARALLEL;
14;Cargado en carro L+D;2022-01-01 18:06:07;2022-01-01 18:06:07;2022-01-01 18:23:28;Usuario_BM;14;sid-7EA6B7E4-DF8E-409C-BA8B-67277BC5B31E;PARALLEL;
14;Carga L+D iniciada;2022-01-01 18:23:28;2022-01-01 18:23:28;2022-01-01 18:29:58;Usuario_BM;14;sid-AC68D104-4A40-4D25-A104-EF41EB1745A2;PARALLEL;
14;Carros;2022-01-01 18:29:58;2022-01-01 18:29:58;2022-01-01 19:09:58;Jupiter_#0;2;sid-C2BCCE32-44D4-45A4-8477-486529D8C2F0;PARALLEL;
14;Carga L+D liberada;2022-01-01 19:09:58;2022-01-01 19:09:58;2022-01-01 19:16:43;Usuario_BM;14;sid-0843CAC2-1650-439C-A750-FF8B35823E8A;PARALLEL;
14;assemply;2022-01-01 19:16:43;2022-01-01 19:16:43;2022-01-01 19:16:43;Usuario_BM;14;Activity_0n8tvc1;SEQUENTIAL_TASKBASED;
14;Montaje;2022-01-01 19:16:43;2022-01-01 19:16:43;2022-01-01 19:16:43;;14;Activity_0n8tvc1;SEQUENTIAL_TASKBASED;2022-01-01 19:16:43
14;Producción montada;2022-01-01 19:16:43;2022-01-01 19:16:43;2022-01-01 19:16:43;;14;Activity_0n8tvc1;SEQUENTIAL_TASKBASED;2022-01-01 19:16:43
14;Composición de cargas;2022-01-01 19:16:43;2022-01-01 19:16:43;2022-01-01 19:23:13;Usuario_BM;14;sid-1E2C1856-73F2-4126-A306-F50DE79D3093;PARALLEL;
14;PRIONES;2022-01-01 19:23:13;2022-01-01 19:23:13;2022-01-01 20:30:48;Autoclave_#0;3;sid-C2BAE868-4117-4EC9-965B-EB16ABA26E8A;PARALLEL;
14;Carga de esterilizador liberada;2022-01-01 20:30:48;2022-01-01 20:42:00;2022-01-01 20:45:55;Usuario_BM;12;sid-B6CA039C-A65D-4FB9-A43D-46FA7BADDBC4;PARALLEL;
15;Entrada Material Sucio;2022-01-01 18:46:03;2022-01-01 18:46:03;2022-01-01 18:46:03;Usuario_BM;15;sid-5CBD3FF6-7B24-4CF2-8A46-F93DC969E27F;PARALLEL;
15;Cargado en carro L+D;2022-01-01 18:46:03;2022-01-01 18:46:03;2022-01-01 18:46:03;Usuario_BM;15;sid-7EA6B7E4-DF8E-409C-BA8B-67277BC5B31E;PARALLEL;
15;Carga L+D iniciada;2022-01-01 18:46:03;2022-01-01 18:46:03;2022-01-01 18:46:03;Usuario_BM;15;sid-AC68D104-4A40-4D25-A104-EF41EB1745A2;PARALLEL;
15;Instrumental normal;2022-01-01 18:46:03;2022-01-01 18:46:03;2022-01-01 19:46:03;Lavadora_#2;12;sid-B97A3A60-5F52-4BF8-81D8-7C005B14880E;PARALLEL;
15;Carga L+D liberada;2022-01-01 19:46:03;2022-01-01 19:46:34;2022-01-01 19:46:34;Usuario_BM;15;sid-0843CAC2-1650-439C-A750-FF8B35823E8A;PARALLEL;
15;assemply;2022-01-01 19:46:34;2022-01-01 19:49:27;2022-01-01 19:49:27;Usuario_BM;15;Activity_0n8tvc1;SEQUENTIAL_TASKBASED;
15;Montaje;2022-01-01 19:49:27;2022-01-01 19:49:27;2022-01-01 19:49:27;;15;Activity_0n8tvc1;SEQUENTIAL_TASKBASED;2022-01-01 19:46:34
15;Producción montada;2022-01-01 19:49:27;2022-01-01 19:49:27;2022-01-01 19:49:27;;15;Activity_0n8tvc1;SEQUENTIAL_TASKBASED;2022-01-01 19:49:27
15;Composición de cargas;2022-01-01 19:49:27;2022-01-01 19:49:27;2022-01-01 19:49:27;Usuario_BM;15;sid-1E2C1856-73F2-4126-A306-F50DE79D3093;PARALLEL;
15;INTRUM;2022-01-01 19:49:27;2022-01-01 19:49:27;2022-01-01 20:52:52;Autoclave_#2;9;sid-257780B6-2484-4B65-891F-01BF1C344E5E;PARALLEL;
15;Carga de esterilizador liberada;2022-01-01 20:52:52;2022-01-01 21:00:44;2022-01-01 21:04:47;Usuario_BM;13;sid-B6CA039C-A65D-4FB9-A43D-46FA7BADDBC4;PARALLEL;
16;Entrada Material Sucio;2022-01-01 19:00:10;2022-01-01 19:00:10;2022-01-01 19:04:30;Usuario_BM;16;sid-5CBD3FF6-7B24-4CF2-8A46-F93DC969E27F;PARALLEL;
16;Cargado en carro L+D;2022-01-01 19:04:30;2022-01-01 19:04:30;2022-01-01 19:04:30;Usuario_BM;16;sid-7EA6B7E4-DF8E-409C-BA8B-67277BC5B31E;PARALLEL;
16;Carga L+D iniciada;2022-01-01 19:04:30;2022-01-01 19:04:30;2022-01-01 19:06:07;Usuario_BM;16;sid-AC68D104-4A40-4D25-A104-EF41EB1745A2;PARALLEL;
16;Instrumental normal;2022-01-01 19:06:07;2022-01-01 19:06:07;2022-01-01 20:06:07;Lavadora_#0;13;sid-B97A3A60-5F52-4BF8-81D8-7C005B14880E;PARALLEL;
16;Carga L+D liberada;2022-01-01 20:06:07;2022-01-01 20:06:07;2022-01-01 20:07:10;Usuario_BM;16;sid-0843CAC2-1650-439C-A750-FF8B35823E8A;PARALLEL;
16;assemply;2022-01-01 20:07:10;2022-01-01 20:07:10;2022-01-01 20:07:10;Usuario_BM;16;Activity_0n8tvc1;SEQUENTIAL_TASKBASED;
16;Montaje;2022-01-01 20:07:10;2022-01-01 20:07:10;2022-01-01 20:07:10;;16;Activity_0n8tvc1;SEQUENTIAL_TASKBASED;2022-01-01 20:07:10
16;Producción montada;2022-01-01 20:07:10;2022-01-01 20:07:10;2022-01-01 20:07:10;;16;Activity_0n8tvc1;SEQUENTIAL_TASKBASED;2022-01-01 20:07:10
16;Composición de cargas;2022-01-01 20:07:10;2022-01-01 20:07:10;2022-01-01 20:08:47;Usuario_BM;16;sid-1E2C1856-73F2-4126-A306-F50DE79D3093;PARALLEL;
16;No Lumen;2022-01-01 20:08:47;2022-01-01 20:08:47;2022-01-01 20:48:47;VPro_#0;2;sid-F03F8225-9329-4ACA-B8EF-063069770E29;PARALLEL;
16;Carga de esterilizador liberada;2022-01-01 20:48:47;2022-01-01 21:00:44;2022-01-01 21:04:47;Usuario_BM;13;sid-B6CA039C-A65D-4FB9-A43D-46FA7BADDBC4;PARALLEL;
17;Entrada Material Sucio;2022-01-01 19:34:29;2022-01-01 19:34:29;2022-01-01 19:44:13;Usuario_BM;17;sid-5CBD3FF6-7B24-4CF2-8A46-F93DC969E27F;PARALLEL;
17;Cargado en carro L+D;2022-01-01 19:44:13;2022-01-01 19:44:13;2022-01-01 19:46:34;Usuario_BM;17;sid-7EA6B7E4-DF8E-409C-BA8B-67277BC5B31E;PARALLEL;
17;Carga L+D iniciada;2022-01-01 19:46:34;2022-01-01 19:46:34;2022-01-01 19:49:27;Usuario_BM;17;sid-AC68D104-4A40-4D25-A104-EF41EB1745A2;PARALLEL;
17;Carros;2022-01-01 19:49:27;2022-01-01 19:49:27;2022-01-01 20:29:27;Jupiter_#0;3;sid-C2BCCE32-44D4-45A4-8477-486529D8C2F0;PARALLEL;
17;Carga L+D liberada;2022-01-01 20:29:27;2022-01-01 20:39:29;2022-01-01 20:42:00;Usuario_BM;17;sid-0843CAC2-1650-439C-A750-FF8B35823E8A;PARALLEL;
17;assemply;2022-01-01 20:42:00;2022-01-01 21:00:44;2022-01-01 21:00:44;Usuario_BM;17;Activity_0n8tvc1;SEQUENTIAL_TASKBASED;
17;Montaje;2022-01-01 21:00:44;2022-01-01 21:00:44;2022-01-01 21:00:44;;17;Activity_0n8tvc1;SEQUENTIAL_TASKBASED;2022-01-01 20:42:00
17;Producción montada;2022-01-01 21:00:44;2022-01-01 21:00:44;2022-01-01 21:00:44;;17;Activity_0n8tvc1;SEQUENTIAL_TASKBASED;2022-01-01 21:00:44
17;Composición de cargas;2022-01-01 21:00:44;2022-01-01 21:04:47;2022-01-01 21:07:40;Usuario_BM;17;sid-1E2C1856-73F2-4126-A306-F50DE79D3093;PARALLEL;
17;PRIONES;2022-01-01 21:07:40;2022-01-01 21:07:40;2022-01-01 22:09:10;Autoclave_#1;4;sid-C2BAE868-4117-4EC9-965B-EB16ABA26E8A;PARALLEL;
17;Carga de esterilizador liberada;2022-01-01 22:09:10;2022-01-01 22:14:59;2022-01-01 22:19:59;Usuario_BM;14;sid-B6CA039C-A65D-4FB9-A43D-46FA7BADDBC4;PARALLEL;
18;Entrada Material Sucio;2022-01-01 20:16:46;2022-01-01 20:16:46;2022-01-01 20:39:29;Usuario_BM;18;sid-5CBD3FF6-7B24-4CF2-8A46-F93DC969E27F;PARALLEL;
18;Cargado en carro L+D;2022-01-01 20:39:29;2022-01-01 20:45:55;2022-01-01 21:00:44;Usuario_BM;18;sid-7EA6B7E4-DF8E-409C-BA8B-67277BC5B31E;PARALLEL;
18;Carga L+D iniciada;2022-01-01 21:00:44;2022-01-01 21:04:47;2022-01-01 21:10:41;Usuario_BM;18;sid-AC68D104-4A40-4D25-A104-EF41EB1745A2;PARALLEL;
18;Instrumental normal;2022-01-01 21:10:41;2022-01-01 21:10:41;2022-01-01 22:10:41;Lavadora_#1;14;sid-B97A3A60-5F52-4BF8-81D8-7C005B14880E;PARALLEL;
18;Carga L+D liberada;2022-01-01 22:10:41;2022-01-01 22:19:59;2022-01-01 22:26:02;Usuario_BM;18;sid-0843CAC2-1650-439C-A750-FF8B35823E8A;PARALLEL;
18;assemply;2022-01-01 22:26:02;2022-01-01 22:33:23;2022-01-01 22:33:23;Usuario_BM;18;Activity_0n8tvc1;SEQUENTIAL_TASKBASED;
18;Montaje;2022-01-01 22:33:23;2022-01-01 22:33:23;2022-01-01 22:33:23;;18;Activity_0n8tvc1;SEQUENTIAL_TASKBASED;2022-01-01 22:26:02
18;Producción montada;2022-01-01 22:33:23;2022-01-01 22:33:23;2022-01-01 22:33:23;;18;Activity_0n8tvc1;SEQUENTIAL_TASKBASED;2022-01-01 22:33:23
18;Composición de cargas;2022-01-01 22:33:23;2022-01-01 22:39:55;2022-01-01 22:45:49;Usuario_BM;18;sid-1E2C1856-73F2-4126-A306-F50DE79D3093;PARALLEL;
18;CONTENE;2022-01-01 22:45:49;2022-01-01 22:45:49;2022-01-01 23:53:24;Autoclave_#2;3;sid-7431B6F2-819F-4562-9FB3-1EFE00367CD6;PARALLEL;
18;Carga de esterilizador liberada;2022-01-01 23:53:24;2022-01-02 07:29:20;2022-01-02 07:29:20;Usuario_AV;15;sid-B6CA039C-A65D-4FB9-A43D-46FA7BADDBC4;PARALLEL;
19;Entrada Material Sucio;2022-01-01 21:18:10;2022-01-01 21:18:10;2022-01-01 21:27:37;Usuario_BM;19;sid-5CBD3FF6-7B24-4CF2-8A46-F93DC969E27F;PARALLEL;
19;Cargado en carro L+D;2022-01-01 21:27:37;2022-01-01 21:27:37;2022-01-01 21:29:41;Usuario_BM;19;sid-7EA6B7E4-DF8E-409C-BA8B-67277BC5B31E;PARALLEL;
19;Carga L+D iniciada;2022-01-01 21:29:41;2022-01-01 21:29:41;2022-01-01 21:32:30;Usuario_BM;19;sid-AC68D104-4A40-4D25-A104-EF41EB1745A2;PARALLEL;
19;Priones;2022-01-01 21:32:30;2022-01-01 21:32:30;2022-01-01 22:32:30;Lavadora_#0;2;sid-08999B8E-F8FB-442F-AB30-4234EB32CAD0;PARALLEL;
19;Carga L+D liberada;2022-01-01 22:32:30;2022-01-01 22:33:23;2022-01-01 22:35:50;Usuario_BM;19;sid-0843CAC2-1650-439C-A750-FF8B35823E8A;PARALLEL;
19;assemply;2022-01-01 22:35:50;2022-01-01 22:45:49;2022-01-01 22:45:49;Usuario_BM;19;Activity_0n8tvc1;SEQUENTIAL_TASKBASED;
19;Montaje;2022-01-01 22:45:49;2022-01-01 22:45:49;2022-01-01 22:45:49;;19;Activity_0n8tvc1;SEQUENTIAL_TASKBASED;2022-01-01 22:35:50
19;Producción montada;2022-01-01 22:45:49;2022-01-01 22:45:49;2022-01-01 22:45:49;;19;Activity_0n8tvc1;SEQUENTIAL_TASKBASED;2022-01-01 22:45:49
19;Composición de cargas;2022-01-01 22:45:49;2022-01-01 22:45:49;2022-01-01 22:48:38;Usuario_BM;19;sid-1E2C1856-73F2-4126-A306-F50DE79D3093;PARALLEL;
19;INTRUM;2022-01-01 22:48:38;2022-01-01 22:48:38;2022-01-01 23:52:20;Autoclave_#1;10;sid-257780B6-2484-4B65-891F-01BF1C344E5E;PARALLEL;
19;Carga de esterilizador liberada;2022-01-01 23:52:20;2022-01-02 07:29:20;2022-01-02 07:29:20;Usuario_AV;15;sid-B6CA039C-A65D-4FB9-A43D-46FA7BADDBC4;PARALLEL;
20;Entrada Material Sucio;2022-01-01 22:00:02;2022-01-01 22:00:02;2022-01-01 22:14:59;Usuario_BM;20;sid-5CBD3FF6-7B24-4CF2-8A46-F93DC969E27F;PARALLEL;
20;Cargado en carro L+D;2022-01-01 22:14:59;2022-01-01 22:26:02;2022-01-01 22:33:23;Usuario_BM;20;sid-7EA6B7E4-DF8E-409C-BA8B-67277BC5B31E;PARALLEL;
20;Carga L+D iniciada;2022-01-01 22:33:23;2022-01-01 22:35:50;2022-01-01 22:39:55;Usuario_BM;20;sid-AC68D104-4A40-4D25-A104-EF41EB1745A2;PARALLEL;
20;Instrumental normal;2022-01-01 22:39:55;2022-01-01 22:39:55;2022-01-01 23:39:55;Lavadora_#2;15;sid-B97A3A60-5F52-4BF8-81D8-7C005B14880E;PARALLEL;
20;Carga L+D liberada;2022-01-01 23:39:55;2022-01-02 07:00:00;2022-01-02 07:03:56;Usuario_AV;20;sid-0843CAC2-1650-439C-A750-FF8B35823E8A;PARALLEL;
20;assemply;2022-01-02 07:03:56;2022-01-02 07:29:20;2022-01-02 07:29:20;Usuario_AV;20;Activity_0n8tvc1;SEQUENTIAL_TASKBASED;
20;Montaje;2022-01-02 07:29:20;2022-01-02 07:29:20;2022-01-02 07:29:20;;20;Activity_0n8tvc1;SEQUENTIAL_TASKBASED;2022-01-02 07:03:56
20;Producción montada;2022-01-02 07:29:20;2022-01-02 07:29:20;2022-01-02 07:29:20;;20;Activity_0n8tvc1;SEQUENTIAL_TASKBASED;2022-01-02 07:29:20
20;Composición de cargas;2022-01-02 07:29:20;2022-01-02 07:33:50;2022-01-02 07:37:55;Usuario_AV;20;sid-1E2C1856-73F2-4126-A306-F50DE79D3093;PARALLEL;
20;CONTENE;2022-01-02 07:37:55;2022-01-02 07:37:55;2022-01-02 08:39:25;Autoclave_#3;4;sid-7431B6F2-819F-4562-9FB3-1EFE00367CD6;PARALLEL;
20;Carga de esterilizador liberada;2022-01-02 08:39:25;2022-01-02 08:39:25;2022-01-02 08:41:09;Usuario_AV;16;sid-B6CA039C-A65D-4FB9-A43D-46FA7BADDBC4;PARALLEL;
21;Entrada Material Sucio;2022-01-01 22:50:00;2022-01-01 22:50:00;2022-01-02 14:10:36;Usuario_BM;21;sid-5CBD3FF6-7B24-4CF2-8A46-F93DC969E27F;PARALLEL;
21;Cargado en carro L+D;2022-01-02 14:10:36;2022-01-02 14:10:36;2022-01-02 14:31:44;Usuario_BM;25;sid-7EA6B7E4-DF8E-409C-BA8B-67277BC5B31E;PARALLEL;
21;Carga L+D iniciada;2022-01-02 14:31:44;2022-01-02 14:31:44;2022-01-02 14:39:09;Usuario_BM;25;sid-AC68D104-4A40-4D25-A104-EF41EB1745A2;PARALLEL;
21;Instrumental normal;2022-01-02 14:39:09;2022-01-02 14:39:09;2022-01-02 15:39:09;Lavadora_#1;19;sid-B97A3A60-5F52-4BF8-81D8-7C005B14880E;PARALLEL;
21;Carga L+D liberada;2022-01-02 15:39:09;2022-01-02 15:39:09;2022-01-02 15:46:59;Usuario_BM;25;sid-0843CAC2-1650-439C-A750-FF8B35823E8A;PARALLEL;
21;assemply;2022-01-02 15:46:59;2022-01-02 15:46:59;2022-01-02 15:46:59;Usuario_BM;25;Activity_0n8tvc1;SEQUENTIAL_TASKBASED;
21;Montaje;2022-01-02 15:46:59;2022-01-02 15:46:59;2022-01-02 15:46:59;;25;Activity_0n8tvc1;SEQUENTIAL_TASKBASED;2022-01-02 15:46:59
21;Producción montada;2022-01-02 15:46:59;2022-01-02 15:46:59;2022-01-02 15:46:59;;25;Activity_0n8tvc1;SEQUENTIAL_TASKBASED;2022-01-02 15:46:59
21;Composición de cargas;2022-01-02 15:46:59;2022-01-02 15:46:59;2022-01-02 15:54:24;Usuario_BM;25;sid-1E2C1856-73F2-4126-A306-F50DE79D3093;PARALLEL;
21;PRIONES;2022-01-02 15:54:24;2022-01-02 15:54:24;2022-01-02 16:56:23;Autoclave_#3;7;sid-C2BAE868-4117-4EC9-965B-EB16ABA26E8A;PARALLEL;
21;Carga de esterilizador liberada;2022-01-02 16:56:23;2022-01-02 16:56:23;2022-01-02 17:00:36;Usuario_BM;24;sid-B6CA039C-A65D-4FB9-A43D-46FA7BADDBC4;PARALLEL;
22;Entrada Material Sucio;2022-01-01 23:48:17;2022-01-02 07:03:56;2022-01-02 07:29:20;Usuario_AV;22;sid-5CBD3FF6-7B24-4CF2-8A46-F93DC969E27F;PARALLEL;
22;Cargado en carro L+D;2022-01-02 07:29:20;2022-01-02 07:29:20;2022-01-02 07:42:07;Usuario_AV;21;sid-7EA6B7E4-DF8E-409C-BA8B-67277BC5B31E;PARALLEL;
22;Carga L+D iniciada;2022-01-02 07:42:07;2022-01-02 07:42:07;2022-01-02 07:48:38;Usuario_AV;22;sid-AC68D104-4A40-4D25-A104-EF41EB1745A2;PARALLEL;
22;Instrumental normal;2022-01-02 07:48:38;2022-01-02 07:48:38;2022-01-02 08:48:38;Lavadora_#1;16;sid-B97A3A60-5F52-4BF8-81D8-7C005B14880E;PARALLEL;
22;Carga L+D liberada;2022-01-02 08:48:38;2022-01-02 08:48:47;2022-01-02 08:55:33;Usuario_AV;22;sid-0843CAC2-1650-439C-A750-FF8B35823E8A;PARALLEL;
22;assemply;2022-01-02 08:55:33;2022-01-02 08:55:33;2022-01-02 08:55:33;Usuario_AV;22;Activity_0n8tvc1;SEQUENTIAL_TASKBASED;
22;Montaje;2022-01-02 08:55:33;2022-01-02 08:55:33;2022-01-02 08:55:33;;22;Activity_0n8tvc1;SEQUENTIAL_TASKBASED;2022-01-02 08:55:33
22;Producción montada;2022-01-02 08:55:33;2022-01-02 08:55:33;2022-01-02 08:55:33;;22;Activity_0n8tvc1;SEQUENTIAL_TASKBASED;2022-01-02 08:55:33
22;Composición de cargas;2022-01-02 08:55:33;2022-01-02 08:55:33;2022-01-02 09:02:04;Usuario_AV;22;sid-1E2C1856-73F2-4126-A306-F50DE79D3093;PARALLEL;
22;PRIONES;2022-01-02 09:02:04;2022-01-02 09:02:04;2022-01-02 10:03:30;Autoclave_#1;5;sid-C2BAE868-4117-4EC9-965B-EB16ABA26E8A;PARALLEL;
22;Carga de esterilizador liberada;2022-01-02 10:03:30;2022-01-02 10:03:30;2022-01-02 10:08:06;Usuario_AV;18;sid-B6CA039C-A65D-4FB9-A43D-46FA7BADDBC4;PARALLEL;
23;Entrada Material Sucio;2022-01-02 00:53:38;2022-01-02 07:03:56;2022-01-02 07:29:20;Usuario_AV;22;sid-5CBD3FF6-7B24-4CF2-8A46-F93DC969E27F;PARALLEL;
23;Cargado en carro L+D;2022-01-02 07:29:20;2022-01-02 07:29:20;2022-01-02 07:42:07;Usuario_AV;21;sid-7EA6B7E4-DF8E-409C-BA8B-67277BC5B31E;PARALLEL;
23;Carga L+D iniciada;2022-01-02 07:42:07;2022-01-02 07:42:07;2022-01-02 07:48:38;Usuario_AV;22;sid-AC68D104-4A40-4D25-A104-EF41EB1745A2;PARALLEL;
23;Instrumental normal;2022-01-02 07:48:38;2022-01-02 07:48:38;2022-01-02 08:48:38;Lavadora_#1;16;sid-B97A3A60-5F52-4BF8-81D8-7C005B14880E;PARALLEL;
23;Carga L+D liberada;2022-01-02 08:48:38;2022-01-02 08:48:47;2022-01-02 08:55:33;Usuario_AV;22;sid-0843CAC2-1650-439C-A750-FF8B35823E8A;PARALLEL;
23;assemply;2022-01-02 08:55:33;2022-01-02 08:55:33;2022-01-02 08:55:33;Usuario_AV;22;Activity_0n8tvc1;SEQUENTIAL_TASKBASED;
23;Montaje;2022-01-02 08:55:33;2022-01-02 08:55:33;2022-01-02 08:55:33;;22;Activity_0n8tvc1;SEQUENTIAL_TASKBASED;2022-01-02 08:55:33
23;Producción montada;2022-01-02 08:55:33;2022-01-02 08:55:33;2022-01-02 08:55:33;;22;Activity_0n8tvc1;SEQUENTIAL_TASKBASED;2022-01-02 08:55:33
23;Composición de cargas;2022-01-02 08:55:33;2022-01-02 08:55:33;2022-01-02 09:02:04;Usuario_AV;22;sid-1E2C1856-73F2-4126-A306-F50DE79D3093;PARALLEL;
23;INTRUM;2022-01-02 09:02:04;2022-01-02 09:02:04;2022-01-02 10:16:09;Autoclave_#3;11;sid-257780B6-2484-4B65-891F-01BF1C344E5E;PARALLEL;
23;Carga de esterilizador liberada;2022-01-02 10:16:09;2022-01-02 10:16:09;2022-01-02 10:20:25;Usuario_AV;21;sid-B6CA039C-A65D-4FB9-A43D-46FA7BADDBC4;PARALLEL;
24;Entrada Material Sucio;2022-01-02 01:39:13;2022-01-02 07:03:56;2022-01-02 07:29:20;Usuario_AV;22;sid-5CBD3FF6-7B24-4CF2-8A46-F93DC969E27F;PARALLEL;
24;Cargado en carro L+D;2022-01-02 07:29:20;2022-01-02 07:29:20;2022-01-02 07:46:44;Usuario_AV;22;sid-7EA6B7E4-DF8E-409C-BA8B-67277BC5B31E;PARALLEL;
24;Carga L+D iniciada;2022-01-02 07:46:44;2022-01-02 07:46:44;2022-01-02 07:50:08;Usuario_AV;23;sid-AC68D104-4A40-4D25-A104-EF41EB1745A2;PARALLEL;
24;Instrumental normal;2022-01-02 07:50:08;2022-01-02 07:50:08;2022-01-02 08:50:08;Lavadora_#2;17;sid-B97A3A60-5F52-4BF8-81D8-7C005B14880E;PARALLEL;
24;Carga L+D liberada;2022-01-02 08:50:08;2022-01-02 08:55:33;2022-01-02 08:58:41;Usuario_AV;23;sid-0843CAC2-1650-439C-A750-FF8B35823E8A;PARALLEL;
24;assemply;2022-01-02 08:58:41;2022-01-02 08:58:41;2022-01-02 08:58:41;Usuario_AV;23;Activity_0n8tvc1;SEQUENTIAL_TASKBASED;
24;Montaje;2022-01-02 08:58:41;2022-01-02 08:58:41;2022-01-02 08:58:41;;23;Activity_0n8tvc1;SEQUENTIAL_TASKBASED;2022-01-02 08:58:41
24;Producción montada;2022-01-02 08:58:41;2022-01-02 08:58:41;2022-01-02 08:58:41;;23;Activity_0n8tvc1;SEQUENTIAL_TASKBASED;2022-01-02 08:58:41
24;Composición de cargas;2022-01-02 08:58:41;2022-01-02 08:58:41;2022-01-02 09:02:05;Usuario_AV;23;sid-1E2C1856-73F2-4126-A306-F50DE79D3093;PARALLEL;
24;PRIONES;2022-01-02 09:02:05;2022-01-02 09:02:05;2022-01-02 10:06:38;Autoclave_#0;6;sid-C2BAE868-4117-4EC9-965B-EB16ABA26E8A;PARALLEL;
24;Carga de esterilizador liberada;2022-01-02 10:06:38;2022-01-02 10:08:06;2022-01-02 10:10:38;Usuario_AV;19;sid-B6CA039C-A65D-4FB9-A43D-46FA7BADDBC4;PARALLEL;
25;Entrada Material Sucio;2022-01-02 02:37:04;2022-01-02 07:03:56;2022-01-02 07:29:20;Usuario_AV;22;sid-5CBD3FF6-7B24-4CF2-8A46-F93DC969E27F;PARALLEL;
25;Cargado en carro L+D;2022-01-02 07:29:20;2022-01-02 07:29:20;2022-01-02 07:46:44;Usuario_AV;22;sid-7EA6B7E4-DF8E-409C-BA8B-67277BC5B31E;PARALLEL;
25;Carga L+D iniciada;2022-01-02 07:46:44;2022-01-02 07:46:44;2022-01-02 07:50:08;Usuario_AV;23;sid-AC68D104-4A40-4D25-A104-EF41EB1745A2;PARALLEL;
25;Instrumental normal;2022-01-02 07:50:08;2022-01-02 07:50:08;2022-01-02 08:50:08;Lavadora_#2;17;sid-B97A3A60-5F52-4BF8-81D8-7C005B14880E;PARALLEL;
25;Carga L+D liberada;2022-01-02 08:50:08;2022-01-02 08:55:33;2022-01-02 08:58:41;Usuario_AV;23;sid-0843CAC2-1650-439C-A750-FF8B35823E8A;PARALLEL;
25;assemply;2022-01-02 08:58:41;2022-01-02 08:58:41;2022-01-02 08:58:41;Usuario_AV;23;Activity_0n8tvc1;SEQUENTIAL_TASKBASED;
25;Montaje;2022-01-02 08:58:41;2022-01-02 08:58:41;2022-01-02 08:58:41;;23;Activity_0n8tvc1;SEQUENTIAL_TASKBASED;2022-01-02 08:58:41
25;Producción montada;2022-01-02 08:58:41;2022-01-02 08:58:41;2022-01-02 08:58:41;;23;Activity_0n8tvc1;SEQUENTIAL_TASKBASED;2022-01-02 08:58:41
25;Composición de cargas;2022-01-02 08:58:41;2022-01-02 08:58:41;2022-01-02 09:02:05;Usuario_AV;23;sid-1E2C1856-73F2-4126-A306-F50DE79D3093;PARALLEL;
25;INTRUM;2022-01-02 09:02:05;2022-01-02 10:03:30;2022-01-02 11:03:35;Autoclave_#1;12;sid-257780B6-2484-4B65-891F-01BF1C344E5E;PARALLEL;
25;Carga de esterilizador liberada;2022-01-02 11:03:35;2022-01-02 11:03:35;2022-01-02 11:08:35;Usuario_AV;22;sid-B6CA039C-A65D-4FB9-A43D-46FA7BADDBC4;PARALLEL;
26;Entrada Material Sucio;2022-01-02 03:48:09;2022-01-02 07:03:56;2022-01-02 07:29:20;Usuario_AV;22;sid-5CBD3FF6-7B24-4CF2-8A46-F93DC969E27F;PARALLEL;
26;Cargado en carro L+D;2022-01-02 07:29:20;2022-01-02 07:29:20;2022-01-02 07:33:50;Usuario_AV;23;sid-7EA6B7E4-DF8E-409C-BA8B-67277BC5B31E;PARALLEL;
26;Carga L+D iniciada;2022-01-02 07:33:50;2022-01-02 07:37:55;2022-01-02 07:43:19;Usuario_AV;21;sid-AC68D104-4A40-4D25-A104-EF41EB1745A2;PARALLEL;
26;Priones;2022-01-02 07:43:19;2022-01-02 07:43:19;2022-01-02 08:43:19;Lavadora_#0;3;sid-08999B8E-F8FB-442F-AB30-4234EB32CAD0;PARALLEL;
26;Carga L+D liberada;2022-01-02 08:43:19;2022-01-02 08:43:19;2022-01-02 08:48:47;Usuario_AV;21;sid-0843CAC2-1650-439C-A750-FF8B35823E8A;PARALLEL;
26;assemply;2022-01-02 08:48:47;2022-01-02 08:55:33;2022-01-02 08:55:33;Usuario_AV;21;Activity_0n8tvc1;SEQUENTIAL_TASKBASED;
26;Montaje;2022-01-02 08:55:33;2022-01-02 08:55:33;2022-01-02 08:55:33;;21;Activity_0n8tvc1;SEQUENTIAL_TASKBASED;2022-01-02 08:48:47
26;Producción montada;2022-01-02 08:55:33;2022-01-02 08:55:33;2022-01-02 08:55:33;;21;Activity_0n8tvc1;SEQUENTIAL_TASKBASED;2022-01-02 08:55:33
26;Composición de cargas;2022-01-02 08:55:33;2022-01-02 08:55:33;2022-01-02 09:00:57;Usuario_AV;21;sid-1E2C1856-73F2-4126-A306-F50DE79D3093;PARALLEL;
26;GOMAS;2022-01-02 09:00:57;2022-01-02 09:00:57;2022-01-02 10:09:39;Autoclave_#2;1;sid-C206A1F2-BFA0-49CE-ADB0-959852A80258;PARALLEL;
26;Carga de esterilizador liberada;2022-01-02 10:09:39;2022-01-02 10:10:38;2022-01-02 10:14:01;Usuario_AV;20;sid-B6CA039C-A65D-4FB9-A43D-46FA7BADDBC4;PARALLEL;
27;Entrada Material Sucio;2022-01-02 05:06:39;2022-01-02 07:29:20;2022-01-02 07:41:19;Usuario_AV;23;sid-5CBD3FF6-7B24-4CF2-8A46-F93DC969E27F;PARALLEL;
27;Cargado en carro L+D;2022-01-02 07:41:19;2022-01-02 07:41:19;2022-01-02 07:53:49;Usuario_AV;24;sid-7EA6B7E4-DF8E-409C-BA8B-67277BC5B31E;PARALLEL;
27;Carga L+D iniciada;2022-01-02 07:53:49;2022-01-02 07:53:49;2022-01-02 07:59:09;Usuario_AV;24;sid-AC68D104-4A40-4D25-A104-EF41EB1745A2;PARALLEL;
27;Instrumental normal;2022-01-02 07:59:09;2022-01-02 07:59:09;2022-01-02 08:59:09;Lavadora_#3;18;sid-B97A3A60-5F52-4BF8-81D8-7C005B14880E;PARALLEL;
27;Carga L+D liberada;2022-01-02 08:59:09;2022-01-02 09:00:57;2022-01-02 09:06:20;Usuario_AV;24;sid-0843CAC2-1650-439C-A750-FF8B35823E8A;PARALLEL;
27;assemply;2022-01-02 09:06:20;2022-01-02 09:06:20;2022-01-02 09:06:20;Usuario_AV;24;Activity_0n8tvc1;SEQUENTIAL_TASKBASED;
27;Montaje;2022-01-02 09:06:20;2022-01-02 09:06:20;2022-01-02 09:06:20;;24;Activity_0n8tvc1;SEQUENTIAL_TASKBASED;2022-01-02 09:06:20
27;Producción montada;2022-01-02 09:06:20;2022-01-02 09:06:20;2022-01-02 09:06:20;;24;Activity_0n8tvc1;SEQUENTIAL_TASKBASED;2022-01-02 09:06:20
27;Composición de cargas;2022-01-02 09:06:20;2022-01-02 09:06:20;2022-01-02 09:11:40;Usuario_AV;24;sid-1E2C1856-73F2-4126-A306-F50DE79D3093;PARALLEL;
27;No Lumen;2022-01-02 09:11:40;2022-01-02 09:11:40;2022-01-02 09:51:40;VPro_#0;3;sid-F03F8225-9329-4ACA-B8EF-063069770E29;PARALLEL;
27;Carga de esterilizador liberada;2022-01-02 09:51:40;2022-01-02 09:51:40;2022-01-02 09:54:15;Usuario_AV;17;sid-B6CA039C-A65D-4FB9-A43D-46FA7BADDBC4;PARALLEL;
28;Entrada Material Sucio;2022-01-02 06:01:50;2022-01-02 07:29:20;2022-01-02 07:41:19;Usuario_AV;23;sid-5CBD3FF6-7B24-4CF2-8A46-F93DC969E27F;PARALLEL;
28;Cargado en carro L+D;2022-01-02 07:41:19;2022-01-02 07:41:19;2022-01-02 07:53:49;Usuario_AV;24;sid-7EA6B7E4-DF8E-409C-BA8B-67277BC5B31E;PARALLEL;
28;Carga L+D iniciada;2022-01-02 07:53:49;2022-01-02 07:53:49;2022-01-02 07:59:09;Usuario_AV;24;sid-AC68D104-4A40-4D25-A104-EF41EB1745A2;PARALLEL;
28;Instrumental normal;2022-01-02 07:59:09;2022-01-02 07:59:09;2022-01-02 08:59:09;Lavadora_#3;18;sid-B97A3A60-5F52-4BF8-81D8-7C005B14880E;PARALLEL;
28;Carga L+D liberada;2022-01-02 08:59:09;2022-01-02 09:00:57;2022-01-02 09:06:20;Usuario_AV;24;sid-0843CAC2-1650-439C-A750-FF8B35823E8A;PARALLEL;
28;assemply;2022-01-02 09:06:20;2022-01-02 09:06:20;2022-01-02 09:06:20;Usuario_AV;24;Activity_0n8tvc1;SEQUENTIAL_TASKBASED;
28;Montaje;2022-01-02 09:06:20;2022-01-02 09:06:20;2022-01-02 09:06:20;;24;Activity_0n8tvc1;SEQUENTIAL_TASKBASED;2022-01-02 09:06:20
28;Producción montada;2022-01-02 09:06:20;2022-01-02 09:06:20;2022-01-02 09:06:20;;24;Activity_0n8tvc1;SEQUENTIAL_TASKBASED;2022-01-02 09:06:20
28;Composición de cargas;2022-01-02 09:06:20;2022-01-02 09:06:20;2022-01-02 09:11:40;Usuario_AV;24;sid-1E2C1856-73F2-4126-A306-F50DE79D3093;PARALLEL;
28;GOMAS;2022-01-02 09:11:40;2022-01-02 10:06:38;2022-01-02 11:08:23;Autoclave_#0;2;sid-C206A1F2-BFA0-49CE-ADB0-959852A80258;PARALLEL;
28;Carga de esterilizador liberada;2022-01-02 11:08:23;2022-01-02 11:08:35;2022-01-02 11:11:31;Usuario_AV;23;sid-B6CA039C-A65D-4FB9-A43D-46FA7BADDBC4;PARALLEL;