0,1,2,3,4,5,6,7,8,9,10,11,12,13,14,15,16,17,18,19,20,21,22,23,24,25,26,27,28,29,30,31,32,33,34,35,36,37,38,39,40,41,42,43,44,45,46,47,48,49,50,51
EXT-QUI.006,EXT-QUI.495NCS,,,,,,,,,,,,,,,,,,,,,,,,,,,,,,,,,,,,,,,,,,,,,,,,,,
EXT-QUI.006,EXT-QUI.CPL.001,,,,,,,,,,,,,,,,,,,,,,,,,,,,,,,,,,,,,,,,,,,,,,,,,,
EXT-QUI.006,EXT-QUI.495NCS,HGY-ELECT.SUELTO,HUBU-QUI.GIN.BT020R,,,,,,,,,,,,,,,,,,,,,,,,,,,,,,,,,,,,,,,,,,,,,,,,
EXT-QUI.006,EXT-QUI.495NCS,HGY-ELECT.SUELTO,EXT-QUI.OMS800.05,,,,,,,,,,,,,,,,,,,,,,,,,,,,,,,,,,,,,,,,,,,,,,,,
EXT-QUI.006,EXT-QUI.OMS800.05,,,,,,,,,,,,,,,,,,,,,,,,,,,,,,,,,,,,,,,,,,,,,,,,,,
EXT-QUI.006,EXT-QUI.015,,,,,,,,,,,,,,,,,,,,,,,,,,,,,,,,,,,,,,,,,,,,,,,,,,
EXT-QUI.006,HUBU-QUI.SUELTO,HUBU-QUI.CPL.LX157R,,,,,,,,,,,,,,,,,,,,,,,,,,,,,,,,,,,,,,,,,,,,,,,,,
EXT-QUI.006,HGY-ELECT.SUELTO,,,,,,,,,,,,,,,,,,,,,,,,,,,,,,,,,,,,,,,,,,,,,,,,,,
EXT-QUI.006,EXT-QUI.495NCS,HUBU-QUI.SUELTO,,,,,,,,,,,,,,,,,,,,,,,,,,,,,,,,,,,,,,,,,,,,,,,,,
EXT-QUI.006,EXT-QUI.495NCS,,,,,,,,,,,,,,,,,,,,,,,,,,,,,,,,,,,,,,,,,,,,,,,,,,
EXT-QUI.495NCS,HUBU-CCEE.ORL.GF363R,HUBU-CCEE.ORL.OK049R,HUBU-CCEE.ORL.OK081R,HUBU-HOS.MI.BD049R,HUBU-HOS.CV.BH442R,HUBU-HOS.CV.BD559R,HUBU-HOS.CV.BD049R,HUBU-HOS.NHOS.BD049R,HUBU-HOS.NHOS.BD559R,HUBU-HOS.NHOS.BH442R,HUBU-HOS.NHOS.BH446R,HUBU-HOS.ORL.BD049R,HUBU-UCSI.OJOS.001,HUBU-HOS.CV.BM065R,HUBU-CCEE.CGD.BD049R,HUBU-CCEE.ORL.OK038R,HUBU-CCEE.ORL.OK035R,HUBU-CCEE.ORL.BD880R,EXT-QUI.CPL.001,HUBU-CCEE.CGD.BD045R,HUBU-CCEE.ORL.OG002R,HUBU-HOS.MI.BD559R,HUBU-CCEE.CGD.BH111R,HUBU-CCEE.ORL.GF364R,HUBU-HOS.ONC.BD222R,HUBU-HOS.NHOS.BH111R,HUBU-HOS.NHOS.BH110R,HUBU-HOS.NHOS.BC346R,,,,,,,,,,,,,,,,,,,,,,,
EXT-QUI.495NCS,EXT-HOS.008,,,,,,,,,,,,,,,,,,,,,,,,,,,,,,,,,,,,,,,,,,,,,,,,,,
EXT-QUI.495NCS,EXT-QUI.GOMA,,,,,,,,,,,,,,,,,,,,,,,,,,,,,,,,,,,,,,,,,,,,,,,,,,
EXT-QUI.495NCS,EXT-QUI.GOMA,,,,,,,,,,,,,,,,,,,,,,,,,,,,,,,,,,,,,,,,,,,,,,,,,,
EXT-QUI.495NCS,EXT-HOS.008,,,,,,,,,,,,,,,,,,,,,,,,,,,,,,,,,,,,,,,,,,,,,,,,,,
EXT-QUI.495NCS,EXT-QUI.GOMA,HUBU-QUI.PAR.BF122R,HUBU-QUI.CPL.LX157R,,,,,,,,,,,,,,,,,,,,,,,,,,,,,,,,,,,,,,,,,,,,,,,,
EXT-QUI.495NCS,EXT-QUI.GOMA,,,,,,,,,,,,,,,,,,,,,,,,,,,,,,,,,,,,,,,,,,,,,,,,,,
EXT-QUI.495NCS,EXT-HOS.008,,,,,,,,,,,,,,,,,,,,,,,,,,,,,,,,,,,,,,,,,,,,,,,,,,
EXT-QUI.495NCS,HUBU-CCEE.ORL.GF362R,HUBU-CCEE.ORL.OK037R,HUBU-CCEE.ORL.OK049R,HUBU-CCEE.ORL.OK081R,EXT-QUI.GOMA,HUBU-CCEE.GIN.BH446R,HUBU-CCEE.GIN.BH646R,HUBU-CCEE.GIN.BD222R,HUBU-CCEE.CIN.BN004R,HUBU-CCEE.CIN.BC060R,EXT-UCI.MAQUET,HUBU-QUI.HEMO.JG523R,HUBU-CCEE.SUELTO,HUBU-CCEE.ORL.OK039R,HUBU-CCEE.ORL.BD050R,HUBU-CCEE.ORL.BD880R,HUBU-CCEE.GIN.BN113R,HUBU-CCEE.CPL.BD222R,HUBU-CCEE.CPL.BD029R,EXT-QUI.011,HUBU-CCEE.GIN.EO010R,HUBU-CCEE.GIN.EO122R,HUBU-CCEE.ORL.BD220R,HUBU-CCEE.ORL.BH445R,HUBU-CCEE.ORL.BD870R,HUBU-CCEE.GIN.FB416R,HUBU-CCEE.CIN.BD222R,HGY-HADO.SUELTO,HUBU-HOS.DOM.BD049R,HUBU-HOS.DOM.BD559R,HUBU-CCEE.ORL.600768,HGY-HEMO.CAJA,HUBU-HOS.DIG.BH442R,HUBU-CCEE.GIN.BC426R,HUBU-CCEE.GIN.BH447R,HUBU-CCEE.GIN.EL075R,,,,,,,,,,,,,,,
EXT-QUI.495NCS,EXT-QUI.GOMA,,,,,,,,,,,,,,,,,,,,,,,,,,,,,,,,,,,,,,,,,,,,,,,,,,
EXT-QUI.495NCS,EXT-QUI.GOMA,HUBU-QUI.CPL.LX159R,HUBU-QUI.ORL.BM066R,,,,,,,,,,,,,,,,,,,,,,,,,,,,,,,,,,,,,,,,,,,,,,,,
EXT-QUI.495NCS,HUBU-CCEE.ORL.OK081R,EXT-RADV.SUELTO,HUBU-HOS.CV.BH442R,HUBU-HOS.CPL.BH442R,HUBU-HOS.OBST.BC110R,HUBU-UCSI.OJOS.001,HUBU-HOS.TRA.BD222R,HUBU-HOS.TRA.BD049R,HUBU-CCEE.ORL.OK038R,HUBU-CCEE.ORL.BD880R,HUBU-CCEE.ORL.BH445R,HUBU-CCEE.ORL.BD870R,HUBU-HOS.MI.BD559R,HUBU-CCEE.ORL.GF364R,HUBU-HOS.MI.BM235R,HUBU-HOS.OBST.BN004R,HUBU-CCEE.ORL.600768,HUBU-HOS.OBST.BH111R,HUBU-HOS.CPL.BM065R,,,,,,,,,,,,,,,,,,,,,,,,,,,,,,,,
EXT-QUI.495NCS,EXT-QUI.GOMA,HUBU-QUI.SUELTO,HUBU-QUI.CPL.FK634R,HUBU-QUI.GIN.JG524R,EXT-QUI.HARM,HUBU-QUI.CPL.BT030R,EXT-QUI.OMS800.05,HUBU-QUI.CPL.LX157R,,,,,,,,,,,,,,,,,,,,,,,,,,,,,,,,,,,,,,,,,,,
EXT-QUI.495NCS,HGY-ELECT.SUELTO,,,,,,,,,,,,,,,,,,,,,,,,,,,,,,,,,,,,,,,,,,,,,,,,,,
EXT-QUI.495NCS,HUBU-CCEE.ORL.BD883R,HUBU-CCEE.ORL.GF362R,HUBU-CCEE.ORL.OK049R,HUBU-CCEE.ORL.OK081R,EXT-QUI.GOMA,HUBU-CCEE.GIN.ER055R,HUBU-CCEE.GIN.BH446R,HUBU-CCEE.GIN.BH646R,HUBU-CCEE.GIN.BD222R,HGY-ELECT.SUELTO,HUBU-CCEE.CGD.BD049R,EXT-UCI.MAQUET,EXT-HOS.002,HUBU-QUI.HEMO.JG523R,HUBU-CCEE.SUELTO,HUBU-CCEE.ORL.OK039R,HUBU-CCEE.CV.BD511R,HUBU-CCEE.ORL.OK038R,HUBU-CCEE.CV.BD222R,HUBU-CCEE.ORL.BD880R,HUBU-CCEE.GIN.BN113R,HUBU-CCEE.CPL.BC106R,HUBU-CCEE.CPL.BD222R,HUBU-CCEE.CPL.BD029R,HUBU-CCEE.GIN.EO010R,HUBU-CCEE.GIN.EO122R,EXT-URPA.MAQUET,HUBU-CCEE.CPL.BH110R,HUBU-CCEE.CV.BC107R,HUBU-CCEE.ORL.BD220R,HUBU-CCEE.GIN.BC428R,HGY-PTM.SUELTO,HUBU-CCEE.DER.BD222R,HUBU-CCEE.DER.BD511R,HUBU-CCEE.DER.FK614R,HUBU-CCEE.DER.BM205R,HUBU-CCEE.DER.BH110R,HUBU-CCEE.DER.BC110R,HUBU-CCEE.DER.BC020R,HUBU-CCEE.ORL.OG002R,HUBU-HOS.HDON.BD222R,HUBU-QUI.ELEC.JG523R,HUBU-QUI.ELEC.BH111R,HUBU-CCEE.GIN.BC330R,HUBU-CCEE.DER.FF321R,HUBU-CCEE.DER.BB073R,HUBU-QUI.HEMO.BC313R,HUBU-HOS.HDON.BC316R,HUBU-HOS.HDON.BH442R,HUBU-HOS.HDHM.BD559R,HUBU-CCEE.GIN.BN134R
EXT-QUI.495NCS,HUBU-CCEE.ORL.BD883R,HUBU-CCEE.ORL.GF363R,HUBU-CCEE.ORL.GF362R,HUBU-CCEE.ORL.OK037R,HUBU-CCEE.ORL.OK049R,HUBU-CCEE.ORL.OK081R,EXT-QUI.GOMA,HUBU-QUI.TR.FK176R,HUBU-CCEE.GIN.ER055R,HUBU-CCEE.GIN.BH446R,HUBU-CCEE.GIN.BH646R,HUBU-CCEE.GIN.BD222R,HGY-ELECT.SUELTO,HUBU-CCEE.CGD.BD049R,HUBU-CCEE.CIN.BN004R,EXT-HOS.002,HUBU-QUI.HEMO.JG523R,HUBU-CCEE.ORL.OK039R,HUBU-CCEE.CV.BD511R,HUBU-CCEE.ORL.OK035R,HUBU-CCEE.CV.BD222R,HUBU-CCEE.ORL.BD880R,HUBU-CCEE.GIN.BC607R,HUBU-CCEE.CPL.BC106R,HUBU-CCEE.CPL.BD222R,HUBU-CCEE.CPL.BD029R,EXT-QUI.011,HUBU-CCEE.GIN.AN711R,HUBU-CCEE.GIN.EO010R,HUBU-CCEE.CPL.BH110R,HUBU-CCEE.ORL.BD220R,HUBU-CCEE.ORL.BD510R,HUBU-CCEE.ORL.BD870R,HGY-PTM.SUELTO,HUBU-CCEE.GIN.FB416R,HUBU-CCEE.ORL.OG002R,HUBU-CCEE.CIN.BD222R,HUBU-QUI.ELEC.JG523R,HUBU-QUI.ELEC.BH111R,HUBU-RAD.BD033R,HUBU-CCEE.CGD.BH110R,HUBU-CCEE.CGD.BD555R,HUBU-HOS.UCIA.BC555R,,,,,,,,
EXT-QUI.495NCS,EXT-QUI.GOMA,,,,,,,,,,,,,,,,,,,,,,,,,,,,,,,,,,,,,,,,,,,,,,,,,,
EXT-QUI.495NCS,EXT-QUI.GOMA,,,,,,,,,,,,,,,,,,,,,,,,,,,,,,,,,,,,,,,,,,,,,,,,,,
EXT-QUI.495NCS,HUBU-CCEE.ORL.BD883R,HUBU-CCEE.ORL.GF363R,HUBU-CCEE.ORL.OK049R,HUBU-CCEE.ORL.OK081R,HUBU-QUI.SUELTO,HUBU-CCEE.GIN.ER055R,HUBU-CCEE.GIN.BH646R,HUBU-CCEE.GIN.BD222R,HGY-ELECT.SUELTO,HUBU-CCEE.CGD.BD049R,HUBU-QUI.HEMO.JG523R,HUBU-CCEE.ORL.OK038R,HUBU-CCEE.ORL.OK035R,HUBU-CCEE.CV.BD222R,HUBU-CCEE.ORL.BD880R,HUBU-CCEE.GIN.BN113R,HUBU-CCEE.GIN.BC607R,HUBU-CCEE.CPL.BC106R,HUBU-CCEE.CPL.BD222R,HUBU-CCEE.CPL.BD029R,HUBU-CCEE.GIN.AN711R,HUBU-CCEE.GIN.EO010R,HUBU-CCEE.GIN.EO122R,HUBU-CCEE.CV.BC106R,HUBU-CCEE.ORL.BD510R,HGY-PTM.SUELTO,HUBU-CCEE.GIN.FB416R,HUBU-CCEE.ORL.OG002R,HUBU-HOS.HDON.BD222R,HUBU-QUI.ELEC.JG523R,HUBU-QUI.ELEC.BH111R,HGY-HADO.SUELTO,HUBU-CCEE.CGD.BN134R,HUBU-CCEE.CGD.BH111R,HUBU-CCEE.CV.HF234R,HUBU-CCEE.ORL.OM086R,HUBU-URG.BH630R,HUBU-CCEE.CGD.BH110R,HUBU-CCEE.GIN.ER061R,HUBU-CCEE.ORL.BD560R,HUBU-URG.GIN.BD052R,HUBU-CCEE.CGD.BC106R,,,,,,,,,
EXT-QUI.495NCS,EXT-QUI.GOMA,,,,,,,,,,,,,,,,,,,,,,,,,,,,,,,,,,,,,,,,,,,,,,,,,,
EXT-QUI.495NCS,EXT-QUI.HARM,,,,,,,,,,,,,,,,,,,,,,,,,,,,,,,,,,,,,,,,,,,,,,,,,,
EXT-QUI.495NCS,EXT-QUI.GOMA,HUBU-CCEE.SUELTO,,,,,,,,,,,,,,,,,,,,,,,,,,,,,,,,,,,,,,,,,,,,,,,,,
EXT-QUI.495NCS,EXT-QUI.GOMA,,,,,,,,,,,,,,,,,,,,,,,,,,,,,,,,,,,,,,,,,,,,,,,,,,
EXT-QUI.495NCS,HUBU-QUI.GIN.JG524R,HUBU-QUI.CPL.BJ100R,HUBU-QUI.GIN.MDO76,,,,,,,,,,,,,,,,,,,,,,,,,,,,,,,,,,,,,,,,,,,,,,,,
EXT-QUI.495NCS,HUBU-QUI.CPL.JG524R,,,,,,,,,,,,,,,,,,,,,,,,,,,,,,,,,,,,,,,,,,,,,,,,,,
EXT-QUI.495NCS,EXT-QUI.GOMA,,,,,,,,,,,,,,,,,,,,,,,,,,,,,,,,,,,,,,,,,,,,,,,,,,
EXT-QUI.495NCS,HUBU-URG.BH630R,,,,,,,,,,,,,,,,,,,,,,,,,,,,,,,,,,,,,,,,,,,,,,,,,,
EXT-QUI.495NCS,EXT-QUI.GOMA,,,,,,,,,,,,,,,,,,,,,,,,,,,,,,,,,,,,,,,,,,,,,,,,,,
EXT-QUI.495NCS,EXT-QUI.GOMA,EXT-QUI.012,,,,,,,,,,,,,,,,,,,,,,,,,,,,,,,,,,,,,,,,,,,,,,,,,
EXT-QUI.495NCS,EXT-QUI.GOMA,,,,,,,,,,,,,,,,,,,,,,,,,,,,,,,,,,,,,,,,,,,,,,,,,,
EXT-QUI.495NCS,HUBU-QUI.CPL.BT030R,,,,,,,,,,,,,,,,,,,,,,,,,,,,,,,,,,,,,,,,,,,,,,,,,,
EXT-QUI.495NCS,EXT-QUI.GOMA,HUBU-QUI.TRA.LX164R,HGY-REH.SUELTO,,,,,,,,,,,,,,,,,,,,,,,,,,,,,,,,,,,,,,,,,,,,,,,,
EXT-QUI.495NCS,EXT-QUI.GOMA,EXT-HOS.008,,,,,,,,,,,,,,,,,,,,,,,,,,,,,,,,,,,,,,,,,,,,,,,,,
EXT-QUI.495NCS,HUBU-HOS.DIG.BD049R,,,,,,,,,,,,,,,,,,,,,,,,,,,,,,,,,,,,,,,,,,,,,,,,,,
EXT-QUI.495NCS,EXT-QUI.GOMA,EXT-HOS.008,,,,,,,,,,,,,,,,,,,,,,,,,,,,,,,,,,,,,,,,,,,,,,,,,
EXT-QUI.495NCS,HUBU-CCEE.ORL.GF363R,HUBU-CCEE.ORL.OK081R,HUBU-HOS.CGA.BM065R,HUBU-HOS.CGA.BH442R,HUBU-HOS.CPL.BH442R,HUBU-HOS.NHOS.BD559R,HUBU-HOS.NHOS.BH442R,HUBU-HOS.NHOS.BH446R,HUBU-HOS.ORL.BD049R,HUBU-UCSI.OJOS.001,HUBU-HOS.CPL.BD049R,HUBU-CCEE.CIN.BN004R,HUBU-CCEE.ORL.OK038R,EXT-QUI.CPL.001,HUBU-CCEE.ORL.OG002R,HUBU-HOS.ORL.BD222R,HUBU-HOS.CGB.BH442R,HUBU-HOS.CGB.BH642R,HUBU-HOS.NHOS.BH110R,HUBU-HOS.TRA.BH442R,HUBU-CCEE.CIN.BC061R,,,,,,,,,,,,,,,,,,,,,,,,,,,,,,
EXT-QUI.495NCS,EXT-QUI.GOMA,HUBU-QUI.TR.FK176R,HUBU-QUI.TR.LX156R,EXT-QUI.OMS800.05,,,,,,,,,,,,,,,,,,,,,,,,,,,,,,,,,,,,,,,,,,,,,,,
EXT-QUI.495NCS,HUBU-HOS.CPL.BH442R,HUBU-HOS.CPL.BD049R,HUBU-HOS.CPL.BD222R,EXT-QUI.012,EXT-QUI.CPL.001,HUBU-QUI.PAR.BF122R,HUBU-QUI.PAR.EL628R,HUBU-HOS.CPL.BD511R,HUBU-QUI.PAR.BH177R,HUBU-QUI.CPL.BJ013R,HUBU-HOS.CPL.BH110R,HUBU-HOS.CPL.BM065R,,,,,,,,,,,,,,,,,,,,,,,,,,,,,,,,,,,,,,,
EXT-QUI.495NCS,HUBU-CCEE.ORL.OK049R,HUBU-CCEE.ORL.OK081R,EXT-RADV.SUELTO,HUBU-HOS.CGA.BH442R,HUBU-UCSI.OJOS.001,HUBU-HOS.TRA.BD049R,HUBU-HOS.CGA.BC326R,HUBU-HOS.CV.BC326R,HUBU-CCEE.ORL.OK039R,HUBU-CCEE.ORL.BD870R,HUBU-CCEE.ORL.OG002R,HUBU-HOS.CPL.BD511R,HUBU-CCEE.ORL.OG101R,,,,,,,,,,,,,,,,,,,,,,,,,,,,,,,,,,,,,,
EXT-QUI.495NCS,EXT-QUI.015,,,,,,,,,,,,,,,,,,,,,,,,,,,,,,,,,,,,,,,,,,,,,,,,,,
EXT-QUI.495NCS,EXT-QUI.015,,,,,,,,,,,,,,,,,,,,,,,,,,,,,,,,,,,,,,,,,,,,,,,,,,
EXT-QUI.495NCS,EXT-QUI.GOMA,,,,,,,,,,,,,,,,,,,,,,,,,,,,,,,,,,,,,,,,,,,,,,,,,,
EXT-QUI.495NCS,EXT-QUI.GOMA,,,,,,,,,,,,,,,,,,,,,,,,,,,,,,,,,,,,,,,,,,,,,,,,,,
EXT-QUI.495NCS,EXT-QUI.GOMA,HGY-ELECT.SUELTO,HUBU-QUI.CG.BD053R,,,,,,,,,,,,,,,,,,,,,,,,,,,,,,,,,,,,,,,,,,,,,,,,
EXT-QUI.495NCS,EXT-QUI.GOMA,HUBU-QUI.CP.BM065R,,,,,,,,,,,,,,,,,,,,,,,,,,,,,,,,,,,,,,,,,,,,,,,,,
EXT-QUI.495NCS,HUBU-QUI.GIN.JG524R,HUBU-QUI.CP.BC545R,HUBU-HOS.UCIP.BC110R,,,,,,,,,,,,,,,,,,,,,,,,,,,,,,,,,,,,,,,,,,,,,,,,
EXT-QUI.495NCS,EXT-QUI.GOMA,,,,,,,,,,,,,,,,,,,,,,,,,,,,,,,,,,,,,,,,,,,,,,,,,,
EXT-QUI.495NCS,EXT-QUI.GOMA,HUBU-QUI.TR.FK176R,,,,,,,,,,,,,,,,,,,,,,,,,,,,,,,,,,,,,,,,,,,,,,,,,
EXT-QUI.495NCS,EXT-QUI.GOMA,,,,,,,,,,,,,,,,,,,,,,,,,,,,,,,,,,,,,,,,,,,,,,,,,,
EXT-QUI.495NCS,HUBU-CCEE.ORL.BD883R,HUBU-CCEE.ORL.GF363R,HUBU-CCEE.ORL.GF362R,HUBU-CCEE.ORL.OK037R,HUBU-CCEE.ORL.OK049R,HUBU-CCEE.ORL.OK081R,HUBU-CCEE.GIN.BD222R,HGY-ELECT.SUELTO,HUBU-CCEE.CIN.BN004R,EXT-UCI.MAQUET,EXT-HOS.002,HUBU-QUI.HEMO.JG523R,HUBU-CCEE.ORL.OK038R,HUBU-CCEE.ORL.BD880R,HUBU-CCEE.CPL.BD222R,HUBU-CCEE.CPL.BD029R,HUBU-CCEE.GIN.BC604R,HUBU-CCEE.GIN.AN711R,HUBU-CCEE.GIN.EO010R,HUBU-CCEE.GIN.EO122R,HUBU-CCEE.ORL.BD220R,HUBU-CCEE.ORL.BD870R,HUBU-CCEE.GIN.FB416R,HUBU-CCEE.ORL.OG002R,HUBU-QUI.ELEC.JG523R,HUBU-QUI.ELEC.BH111R,HUBU-CCEE.ORL.GF364R,HUBU-QUI.ELEC.JG524R,HUBU-CCEE.GIN.EL014R,HUBU-HOS.URPA.BM066R,HUBU-HOS.URPA.BD049R,HUBU-CCEE.GIN.BC426R,HUBU-HOS.URPA.BH111R,HUBU-QUI.HEMO.JG524R,,,,,,,,,,,,,,,,,
EXT-QUI.495NCS,HUBU-QUI.SUELTO,HUBU-QUI.TR.FK176R,HUBU-QUI.URO.BD760R,HUBU-QUI.TR.BV248R,,,,,,,,,,,,,,,,,,,,,,,,,,,,,,,,,,,,,,,,,,,,,,,
EXT-QUI.495NCS,EXT-QUI.GOMA,HUBU-QUI.TR.FK176R,EXT-QUI.011,EXT-QUI.014,HUBU-QUI.TR.BV273R,HUBU-QUI.CP.BD222R,,,,,,,,,,,,,,,,,,,,,,,,,,,,,,,,,,,,,,,,,,,,,
EXT-QUI.495NCS,EXT-QUI.GOMA,,,,,,,,,,,,,,,,,,,,,,,,,,,,,,,,,,,,,,,,,,,,,,,,,,
EXT-QUI.495NCS,HUBU-CCEE.ORL.OK049R,EXT-RADV.SUELTO,HUBU-HOS.CGA.BM065R,HUBU-HOS.CGA.BD049R,HUBU-HOS.CGA.BH442R,HUBU-UCSI.OJOS.001,HUBU-CCEE.SUELTO,HUBU-CCEE.ORL.OK039R,HUBU-CCEE.ORL.OK035R,HUBU-CCEE.ORL.BD880R,HUBU-CCEE.ORL.BD220R,HUBU-HOS.ORL.BH111R,HUBU-HOS.ORL.BD511R,HUBU-HOS.CPL.BD511R,HUBU-HOS.ORL.BH442R,HUBU-CCEE.ORL.OF356R,HUBU-CCEE.ORL.OF358R,HUBU-HOS.GINE.BH646R,,,,,,,,,,,,,,,,,,,,,,,,,,,,,,,,,
EXT-QUI.495NCS,HUBU-QUI.CPL.JG524R,HUBU-QUI.CPL.BT030R,HUBU-QUI.GIN.GK701R,,,,,,,,,,,,,,,,,,,,,,,,,,,,,,,,,,,,,,,,,,,,,,,,
EXT-QUI.495NCS,EXT-QUI.HARM,,,,,,,,,,,,,,,,,,,,,,,,,,,,,,,,,,,,,,,,,,,,,,,,,,
EXT-QUI.495NCS,EXT-QUI.GOMA,HUBU-QUI.GIN.JG524R,HUBU-QUI.CPL.JG522R,,,,,,,,,,,,,,,,,,,,,,,,,,,,,,,,,,,,,,,,,,,,,,,,
EXT-QUI.495NCS,EXT-QUI.GOMA,HGY-ELECT.SUELTO,EXT-QUI.KIRSCHNER,,,,,,,,,,,,,,,,,,,,,,,,,,,,,,,,,,,,,,,,,,,,,,,,
EXT-QUI.495NCS,HUBU-QUI.GIN.JG524R,,,,,,,,,,,,,,,,,,,,,,,,,,,,,,,,,,,,,,,,,,,,,,,,,,
EXT-QUI.495NCS,EXT-QUI.GOMA,EXT-QUI.HARM,,,,,,,,,,,,,,,,,,,,,,,,,,,,,,,,,,,,,,,,,,,,,,,,,
EXT-QUI.495NCS,EXT-QUI.GOMA,,,,,,,,,,,,,,,,,,,,,,,,,,,,,,,,,,,,,,,,,,,,,,,,,,
EXT-QUI.495NCS,EXT-QUI.GOMA,,,,,,,,,,,,,,,,,,,,,,,,,,,,,,,,,,,,,,,,,,,,,,,,,,
EXT-QUI.495NCS,EXT-QUI.GOMA,,,,,,,,,,,,,,,,,,,,,,,,,,,,,,,,,,,,,,,,,,,,,,,,,,
EXT-QUI.495NCS,EXT-QUI.GOMA,EXT-HOS.002,HUBU-QUI.CP.BC545R,HUBU-QUI.CG.BD053R,HUBU-QUI.CG.BD563R,HUBU-QUI.GIN.GK701R,,,,,,,,,,,,,,,,,,,,,,,,,,,,,,,,,,,,,,,,,,,,,
EXT-QUI.495NCS,EXT-QUI.GOMA,,,,,,,,,,,,,,,,,,,,,,,,,,,,,,,,,,,,,,,,,,,,,,,,,,
EXT-QUI.495NCS,EXT-QUI.GOMA,HUBU-QUI.CP.BC545R,,,,,,,,,,,,,,,,,,,,,,,,,,,,,,,,,,,,,,,,,,,,,,,,,
EXT-QUI.495NCS,EXT-QUI.GOMA,,,,,,,,,,,,,,,,,,,,,,,,,,,,,,,,,,,,,,,,,,,,,,,,,,
EXT-QUI.495NCS,EXT-QUI.GOMA,HUBU-QUI.TR.FK176R,,,,,,,,,,,,,,,,,,,,,,,,,,,,,,,,,,,,,,,,,,,,,,,,,
EXT-QUI.495NCS,HUBU-QUI.ORL.BH111R,,,,,,,,,,,,,,,,,,,,,,,,,,,,,,,,,,,,,,,,,,,,,,,,,,
EXT-QUI.495NCS,EXT-QUI.015,HUBU-HOS.GINE.EL043R,,,,,,,,,,,,,,,,,,,,,,,,,,,,,,,,,,,,,,,,,,,,,,,,,
EXT-QUI.495NCS,HUBU-QUI.TR.FK176R,HUBU-QUI.TR.BV248R,,,,,,,,,,,,,,,,,,,,,,,,,,,,,,,,,,,,,,,,,,,,,,,,,
EXT-QUI.495NCS,EXT-QUI.GOMA,,,,,,,,,,,,,,,,,,,,,,,,,,,,,,,,,,,,,,,,,,,,,,,,,,
EXT-QUI.495NCS,EXT-QUI.GOMA,,,,,,,,,,,,,,,,,,,,,,,,,,,,,,,,,,,,,,,,,,,,,,,,,,
EXT-QUI.495NCS,EXT-QUI.GOMA,,,,,,,,,,,,,,,,,,,,,,,,,,,,,,,,,,,,,,,,,,,,,,,,,,
EXT-QUI.495NCS,HUBU-CCEE.ORL.BD883R,HUBU-CCEE.ORL.GF363R,HUBU-CCEE.ORL.GF362R,HUBU-CCEE.ORL.OK037R,HUBU-CCEE.ORL.OK049R,HUBU-CCEE.ORL.OK081R,HUBU-CCEE.GIN.ER055R,HUBU-CCEE.GIN.BH446R,HUBU-CCEE.GIN.BD222R,HGY-ELECT.SUELTO,EXT-UCI.MAQUET,EXT-HOS.002,HUBU-QUI.HEMO.JG523R,HUBU-CCEE.SUELTO,HUBU-CCEE.ORL.OK038R,HUBU-CCEE.ORL.OK035R,HUBU-CCEE.ORL.821118,HUBU-CCEE.ORL.BD050R,HUBU-CCEE.ORL.BD880R,HUBU-CCEE.GIN.BN113R,HUBU-CCEE.GIN.BC607R,HUBU-CCEE.CPL.BD222R,HUBU-CCEE.CPL.BD029R,HUBU-CCEE.GIN.EO010R,HUBU-CCEE.GIN.EO122R,HUBU-CCEE.CGD.BD045R,HUBU-CCEE.ORL.BD870R,HUBU-CCEE.GIN.BC428R,HGY-PTM.SUELTO,HUBU-CCEE.CGD.BD559R,HUBU-QUI.ELEC.JG523R,HUBU-QUI.ELEC.BH111R,HUBU-CCEE.CPL.OK105R,HUBU-HOS.DOM.BD559R,HUBU-CCEE.ORL.BH645R,HUBU-CCEE.ORL.600768,HUBU-CCEE.CGD.BH110R,HUBU-CCEE.CGD.BD555R,HUBU-HOS.DOM.BH442R,,,,,,,,,,,,
EXT-QUI.495NCS,EXT-QUI.GOMA,,,,,,,,,,,,,,,,,,,,,,,,,,,,,,,,,,,,,,,,,,,,,,,,,,
EXT-QUI.495NCS,HUBU-QUI.SUELTO,,,,,,,,,,,,,,,,,,,,,,,,,,,,,,,,,,,,,,,,,,,,,,,,,,
EXT-QUI.495NCS,HUBU-QUI.GIN.JG524R,HUBU-QUI.PAR.BD562R,EXT-HOS.001,HUBU-QUI.PAR.EL043R,,,,,,,,,,,,,,,,,,,,,,,,,,,,,,,,,,,,,,,,,,,,,,,
EXT-QUI.495NCS,EXT-QUI.FIADOR,,,,,,,,,,,,,,,,,,,,,,,,,,,,,,,,,,,,,,,,,,,,,,,,,,
EXT-QUI.495NCS,EXT-QUI.GOMA,,,,,,,,,,,,,,,,,,,,,,,,,,,,,,,,,,,,,,,,,,,,,,,,,,
EXT-QUI.495NCS,EXT-QUI.GOMA,,,,,,,,,,,,,,,,,,,,,,,,,,,,,,,,,,,,,,,,,,,,,,,,,,
EXT-QUI.495NCS,EXT-QUI.GOMA,,,,,,,,,,,,,,,,,,,,,,,,,,,,,,,,,,,,,,,,,,,,,,,,,,
EXT-QUI.495NCS,EXT-QUI.GOMA,,,,,,,,,,,,,,,,,,,,,,,,,,,,,,,,,,,,,,,,,,,,,,,,,,
EXT-QUI.495NCS,EXT-HOS.008,,,,,,,,,,,,,,,,,,,,,,,,,,,,,,,,,,,,,,,,,,,,,,,,,,
EXT-QUI.495NCS,EXT-QUI.012,HUBU-QUI.CPL.JG522R,,,,,,,,,,,,,,,,,,,,,,,,,,,,,,,,,,,,,,,,,,,,,,,,,
EXT-QUI.495NCS,EXT-QUI.GOMA,HUBU-QUI.TR.FK176R,HUBU-CCEE.ORL.BD880R,HUBU-QUI.PAR.BF122R,HUBU-QUI.CPL.FO918A,EXT-QUI.OMS800.03,HUBU-QUI.ORL.BM065R,HUBU-QUI.CPL.BT030R,HUBU-QUI.CPL.GK774R,,,,,,,,,,,,,,,,,,,,,,,,,,,,,,,,,,,,,,,,,,
EXT-QUI.495NCS,EXT-QUI.GOMA,HGY-ELECT.SUELTO,,,,,,,,,,,,,,,,,,,,,,,,,,,,,,,,,,,,,,,,,,,,,,,,,
EXT-QUI.495NCS,HUBU-QUI.SUELTO,HUBU-QUI.CPL.JG524R,EXT-HOS.008,,,,,,,,,,,,,,,,,,,,,,,,,,,,,,,,,,,,,,,,,,,,,,,,
EXT-QUI.495NCS,EXT-QUI.GOMA,EXT-QUI.011,,,,,,,,,,,,,,,,,,,,,,,,,,,,,,,,,,,,,,,,,,,,,,,,,
EXT-QUI.495NCS,HUBU-QUI.TR.FK176R,HUBU-QUI.GIN.BF123R,HUBU-QUI.TR.BV248R,,,,,,,,,,,,,,,,,,,,,,,,,,,,,,,,,,,,,,,,,,,,,,,,
EXT-QUI.495NCS,EXT-QUI.GOMA,,,,,,,,,,,,,,,,,,,,,,,,,,,,,,,,,,,,,,,,,,,,,,,,,,
EXT-QUI.495NCS,EXT-QUI.GOMA,,,,,,,,,,,,,,,,,,,,,,,,,,,,,,,,,,,,,,,,,,,,,,,,,,
EXT-QUI.495NCS,EXT-QUI.GOMA,,,,,,,,,,,,,,,,,,,,,,,,,,,,,,,,,,,,,,,,,,,,,,,,,,
EXT-QUI.495NCS,HUBU-CCEE.ORL.OK049R,HUBU-CCEE.ORL.OK081R,HUBU-HOS.CV.BH442R,HUBU-HOS.CGA.BM065R,HUBU-HOS.CV.BD049R,HUBU-HOS.NHOS.BD049R,HUBU-HOS.ORL.BD049R,HUBU-UCSI.OJOS.001,HUBU-HOS.CV.BM065R,HUBU-CCEE.ORL.OK038R,HUBU-CCEE.ORL.OK035R,HUBU-CCEE.ORL.BD880R,HUBU-CCEE.ORL.OG101R,HUBU-QUI.PAR.EL043R,HUBU-CCEE.ORL.OF288R,,,,,,,,,,,,,,,,,,,,,,,,,,,,,,,,,,,,
EXT-QUI.495NCS,EXT-QUI.GOMA,HUBU-QUI.GIN.JG524R,,,,,,,,,,,,,,,,,,,,,,,,,,,,,,,,,,,,,,,,,,,,,,,,,
EXT-QUI.495NCS,EXT-QUI.GOMA,,,,,,,,,,,,,,,,,,,,,,,,,,,,,,,,,,,,,,,,,,,,,,,,,,
EXT-QUI.495NCS,HUBU-CCEE.ORL.BD883R,HUBU-CCEE.ORL.GF363R,HUBU-CCEE.ORL.OK049R,HUBU-CCEE.ORL.OK081R,HUBU-CCEE.GIN.ER055R,HUBU-CCEE.GIN.BH646R,HUBU-CCEE.GIN.EO010R,EXT-URPA.MAQUET,HUBU-CCEE.ORL.OG330R,HUBU-CCEE.ORL.OG037R,,,,,,,,,,,,,,,,,,,,,,,,,,,,,,,,,,,,,,,,,
EXT-QUI.495NCS,EXT-QUI.GOMA,,,,,,,,,,,,,,,,,,,,,,,,,,,,,,,,,,,,,,,,,,,,,,,,,,
EXT-QUI.495NCS,EXT-QUI.GOMA,,,,,,,,,,,,,,,,,,,,,,,,,,,,,,,,,,,,,,,,,,,,,,,,,,
EXT-QUI.495NCS,EXT-QUI.GOMA,,,,,,,,,,,,,,,,,,,,,,,,,,,,,,,,,,,,,,,,,,,,,,,,,,
EXT-QUI.495NCS,HUBU-QUI.CPL.LX159R,,,,,,,,,,,,,,,,,,,,,,,,,,,,,,,,,,,,,,,,,,,,,,,,,,
EXT-QUI.495NCS,HUBU-QUI.GIN.MDO76,,,,,,,,,,,,,,,,,,,,,,,,,,,,,,,,,,,,,,,,,,,,,,,,,,
EXT-QUI.495NCS,EXT-QUI.GOMA,,,,,,,,,,,,,,,,,,,,,,,,,,,,,,,,,,,,,,,,,,,,,,,,,,
EXT-QUI.495NCS,HUBU-HOS.TRA.BM065R,EXT-QUI.012,HUBU-QUI.PAR.BD562R,HUBU-QUI.PAR.EL043R,,,,,,,,,,,,,,,,,,,,,,,,,,,,,,,,,,,,,,,,,,,,,,,
EXT-QUI.495NCS,EXT-QUI.GOMA,HUBU-QUI.ORL.BM065R,,,,,,,,,,,,,,,,,,,,,,,,,,,,,,,,,,,,,,,,,,,,,,,,,
EXT-QUI.495NCS,EXT-QUI.GOMA,EXT-QUI.011,EXT-QUI.012,HUBU-QUI.PAR.BD562R,EXT-QUI.HARM,EXT-QUI.FIADOR,HUBU-QUI.PAR.BH177R,EXT-HOS.001,HUBU-QUI.PAR.EL043R,,,,,,,,,,,,,,,,,,,,,,,,,,,,,,,,,,,,,,,,,,
EXT-QUI.495NCS,HUBU-CCEE.ORL.BD883R,HUBU-CCEE.ORL.GF363R,HUBU-CCEE.ORL.GF362R,HUBU-CCEE.ORL.OK037R,HUBU-CCEE.ORL.OK049R,HUBU-CCEE.ORL.OK081R,HUBU-HOS.TRA.BM065R,HUBU-HOS.TRA.BD222R,HUBU-HOS.TRA.BD049R,HGY-ELECT.SUELTO,HUBU-CCEE.CIN.BN004R,EXT-UCI.MAQUET,EXT-HOS.002,HUBU-QUI.HEMO.JG523R,HUBU-CCEE.ORL.OK039R,HUBU-CCEE.ORL.OK038R,HUBU-CCEE.ORL.OK035R,EXT-URPA.MAQUET,HUBU-CCEE.ORL.BH445R,HUBU-CCEE.ORL.BD870R,HUBU-QUI.ELEC.JG523R,HUBU-CCEE.ORL.BH444R,HUBU-HOS.URPA.BC445R,HUBU-HOS.URPA.BM066R,HUBU-HOS.TRA.BH442R,HUBU-CCEE.URO.BH110R,HUBU-HOS.URPA.BD049R,HUBU-HOS.TRA.BC110R,HUBU-QUI.HEMO.JG524R,,,,,,,,,,,,,,,,,,,,,,
EXT-QUI.495NCS,HUBU-QUI.SUELTO,EXT-HOS.001,,,,,,,,,,,,,,,,,,,,,,,,,,,,,,,,,,,,,,,,,,,,,,,,,
EXT-QUI.495NCS,EXT-QUI.GOMA,,,,,,,,,,,,,,,,,,,,,,,,,,,,,,,,,,,,,,,,,,,,,,,,,,
EXT-QUI.495NCS,EXT-QUI.GOMA,,,,,,,,,,,,,,,,,,,,,,,,,,,,,,,,,,,,,,,,,,,,,,,,,,
EXT-QUI.495NCS,HUBU-QUI.CG.BT030R,,,,,,,,,,,,,,,,,,,,,,,,,,,,,,,,,,,,,,,,,,,,,,,,,,
EXT-QUI.495NCS,EXT-QUI.GOMA,,,,,,,,,,,,,,,,,,,,,,,,,,,,,,,,,,,,,,,,,,,,,,,,,,
EXT-QUI.495NCS,EXT-FARMACIA,,,,,,,,,,,,,,,,,,,,,,,,,,,,,,,,,,,,,,,,,,,,,,,,,,
EXT-QUI.495NCS,EXT-QUI.GOMA,EXT-QUI.011,EXT-QUI.HARM,,,,,,,,,,,,,,,,,,,,,,,,,,,,,,,,,,,,,,,,,,,,,,,,
EXT-QUI.495NCS,EXT-QUI.GOMA,,,,,,,,,,,,,,,,,,,,,,,,,,,,,,,,,,,,,,,,,,,,,,,,,,
EXT-QUI.495NCS,EXT-QUI.GOMA,,,,,,,,,,,,,,,,,,,,,,,,,,,,,,,,,,,,,,,,,,,,,,,,,,
EXT-QUI.495NCS,EXT-QUI.GOMA,EXT-QUI.HARM,,,,,,,,,,,,,,,,,,,,,,,,,,,,,,,,,,,,,,,,,,,,,,,,,
EXT-QUI.495NCS,EXT-QUI.GOMA,,,,,,,,,,,,,,,,,,,,,,,,,,,,,,,,,,,,,,,,,,,,,,,,,,
EXT-QUI.495NCS,EXT-QUI.GOMA,EXT-QUI.HARM,,,,,,,,,,,,,,,,,,,,,,,,,,,,,,,,,,,,,,,,,,,,,,,,,
EXT-QUI.495NCS,EXT-QUI.GOMA,,,,,,,,,,,,,,,,,,,,,,,,,,,,,,,,,,,,,,,,,,,,,,,,,,
EXT-QUI.495NCS,HUBU-QUI.TR.BV273R,,,,,,,,,,,,,,,,,,,,,,,,,,,,,,,,,,,,,,,,,,,,,,,,,,
EXT-QUI.495NCS,EXT-HOS.008,,,,,,,,,,,,,,,,,,,,,,,,,,,,,,,,,,,,,,,,,,,,,,,,,,
EXT-QUI.495NCS,HUBU-QUI.SUELTO,HUBU-QUI.GIN.EO122R,HUBU-QUI.GIN.BD052R,,,,,,,,,,,,,,,,,,,,,,,,,,,,,,,,,,,,,,,,,,,,,,,,
EXT-QUI.495NCS,EXT-QUI.GOMA,,,,,,,,,,,,,,,,,,,,,,,,,,,,,,,,,,,,,,,,,,,,,,,,,,
EXT-QUI.495NCS,HUBU-HOS.OBST.BC110R,EXT-QUI.011,HUBU-HOS.ORL.BH111R,HUBU-HOS.ORL.BD222R,HUBU-HOS.HEMT.BC346R,HUBU-HOS.NEUR.BH442R,,,,,,,,,,,,,,,,,,,,,,,,,,,,,,,,,,,,,,,,,,,,,
EXT-QUI.495NCS,HUBU-CCEE.ORL.GF363R,HUBU-CCEE.ORL.GF362R,HUBU-CCEE.ORL.OK049R,HUBU-CCEE.ORL.OK081R,EXT-QUI.GOMA,HUBU-CCEE.CPL.BD222R,HUBU-CCEE.CPL.BD029R,HGY-PTM.SUELTO,HUBU-CCEE.CPL.OK105R,,,,,,,,,,,,,,,,,,,,,,,,,,,,,,,,,,,,,,,,,,
EXT-QUI.495NCS,EXT-QUI.GOMA,EXT-QUI.FIADOR,,,,,,,,,,,,,,,,,,,,,,,,,,,,,,,,,,,,,,,,,,,,,,,,,
EXT-QUI.495NCS,EXT-QUI.GOMA,EXT-HOS.008,,,,,,,,,,,,,,,,,,,,,,,,,,,,,,,,,,,,,,,,,,,,,,,,,
EXT-QUI.495NCS,EXT-QUI.GOMA,,,,,,,,,,,,,,,,,,,,,,,,,,,,,,,,,,,,,,,,,,,,,,,,,,
EXT-QUI.495NCS,EXT-QUI.GOMA,HUBU-QUI.CPL.FO918A,HUBU-QUI.GIN.BF431R,,,,,,,,,,,,,,,,,,,,,,,,,,,,,,,,,,,,,,,,,,,,,,,,
EXT-QUI.495NCS,HUBU-CCEE.ORL.BD883R,HUBU-CCEE.ORL.OK037R,HUBU-CCEE.ORL.OK049R,HUBU-CCEE.ORL.OK081R,HUBU-CCEE.GIN.BH646R,HUBU-CCEE.GIN.BD222R,EXT-HOS.002,HUBU-CCEE.ORL.OK039R,HUBU-CCEE.ORL.OK035R,HUBU-CCEE.ORL.BD050R,HUBU-CCEE.ORL.BD880R,HUBU-CCEE.GIN.BN113R,HUBU-CCEE.CPL.BD222R,HUBU-CCEE.CPL.BD029R,EXT-QUI.015,HUBU-CCEE.GIN.AN711R,HUBU-CCEE.GIN.EO010R,HUBU-CCEE.GIN.EO122R,HUBU-CCEE.TR.BD049R,HUBU-CCEE.ORL.BD510R,HUBU-CCEE.ORL.BD870R,HUBU-CCEE.ORL.OG002R,HUBU-CCEE.GIN.BC330R,HUBU-CCEE.ORL.OG101R,HUBU-CCEE.ORL.600768,,,,,,,,,,,,,,,,,,,,,,,,,,
EXT-QUI.495NCS,EXT-QUI.GOMA,EXT-QUI.012,,,,,,,,,,,,,,,,,,,,,,,,,,,,,,,,,,,,,,,,,,,,,,,,,
EXT-QUI.495NCS,EXT-QUI.GOMA,EXT-QUI.015,,,,,,,,,,,,,,,,,,,,,,,,,,,,,,,,,,,,,,,,,,,,,,,,,
EXT-QUI.495NCS,EXT-QUI.GOMA,HUBU-QUI.GIN.JG524R,HUBU-QUI.CPL.LX159R,HUBU-QUI.CPL.BJ013R,,,,,,,,,,,,,,,,,,,,,,,,,,,,,,,,,,,,,,,,,,,,,,,
EXT-QUI.495NCS,HUBU-QUI.CPL.OL171R,,,,,,,,,,,,,,,,,,,,,,,,,,,,,,,,,,,,,,,,,,,,,,,,,,
EXT-QUI.495NCS,EXT-QUI.GOMA,,,,,,,,,,,,,,,,,,,,,,,,,,,,,,,,,,,,,,,,,,,,,,,,,,
EXT-QUI.495NCS,EXT-QUI.GOMA,EXT-QUI.HARM,,,,,,,,,,,,,,,,,,,,,,,,,,,,,,,,,,,,,,,,,,,,,,,,,
EXT-QUI.495NCS,HUBU-CCEE.ORL.BD883R,HUBU-CCEE.ORL.GF363R,HUBU-CCEE.ORL.GF362R,HUBU-CCEE.ORL.OK037R,HUBU-CCEE.ORL.OK049R,HUBU-CCEE.ORL.OK081R,EXT-QUI.GOMA,HUBU-CCEE.GIN.ER055R,HUBU-CCEE.GIN.BH446R,HUBU-CCEE.GIN.BH646R,EXT-HOS.002,HUBU-CCEE.SUELTO,HUBU-CCEE.ORL.OK039R,HUBU-CCEE.ORL.OK038R,HUBU-CCEE.ORL.OK035R,HUBU-CCEE.ORL.BD880R,HUBU-CCEE.CPL.BC106R,HUBU-CCEE.CPL.BD222R,HUBU-CCEE.CPL.BD029R,HUBU-CCEE.CPL.BH110R,HUBU-CCEE.GIN.FB416R,HUBU-CCEE.ORL.OG002R,HUBU-QUI.GIN.BF431R,HUBU-CCEE.ORL.GF364R,HUBU-CCEE.CPL.OK105R,HUBU-QUI.CPL.OL171R,,,,,,,,,,,,,,,,,,,,,,,,,
EXT-QUI.495NCS,HGY-ELECT.SUELTO,EXT-HOS.001,,,,,,,,,,,,,,,,,,,,,,,,,,,,,,,,,,,,,,,,,,,,,,,,,
EXT-QUI.495NCS,EXT-QUI.GOMA,,,,,,,,,,,,,,,,,,,,,,,,,,,,,,,,,,,,,,,,,,,,,,,,,,
EXT-QUI.495NCS,EXT-QUI.GOMA,EXT-QUI.011,,,,,,,,,,,,,,,,,,,,,,,,,,,,,,,,,,,,,,,,,,,,,,,,,
EXT-QUI.495NCS,EXT-QUI.GOMA,,,,,,,,,,,,,,,,,,,,,,,,,,,,,,,,,,,,,,,,,,,,,,,,,,
EXT-QUI.495NCS,HUBU-QUI.PAR.BF122R,HUBU-QUI.PAR.BB175R,,,,,,,,,,,,,,,,,,,,,,,,,,,,,,,,,,,,,,,,,,,,,,,,,
EXT-QUI.495NCS,EXT-QUI.GOMA,EXT-HOS.002,,,,,,,,,,,,,,,,,,,,,,,,,,,,,,,,,,,,,,,,,,,,,,,,,
EXT-QUI.495NCS,EXT-QUI.GOMA,EXT-QUI.HARM,HUBU-HOS.HMDL.BM065R,,,,,,,,,,,,,,,,,,,,,,,,,,,,,,,,,,,,,,,,,,,,,,,,
EXT-QUI.495NCS,EXT-QUI.GOMA,EXT-HOS.008,,,,,,,,,,,,,,,,,,,,,,,,,,,,,,,,,,,,,,,,,,,,,,,,,
EXT-QUI.495NCS,EXT-QUI.GOMA,,,,,,,,,,,,,,,,,,,,,,,,,,,,,,,,,,,,,,,,,,,,,,,,,,
EXT-QUI.495NCS,EXT-QUI.GOMA,,,,,,,,,,,,,,,,,,,,,,,,,,,,,,,,,,,,,,,,,,,,,,,,,,
EXT-QUI.495NCS,HUBU-QUI.CP.BC545R,,,,,,,,,,,,,,,,,,,,,,,,,,,,,,,,,,,,,,,,,,,,,,,,,,
EXT-QUI.495NCS,EXT-QUI.FIADOR,,,,,,,,,,,,,,,,,,,,,,,,,,,,,,,,,,,,,,,,,,,,,,,,,,
EXT-QUI.495NCS,EXT-QUI.FIADOR,,,,,,,,,,,,,,,,,,,,,,,,,,,,,,,,,,,,,,,,,,,,,,,,,,
EXT-QUI.495NCS,HUBU-CCEE.ORL.GF363R,HUBU-CCEE.ORL.GF362R,HUBU-CCEE.ORL.OK049R,HUBU-HOS.MI.BD049R,HUBU-HOS.CV.BH442R,HUBU-HOS.CV.BD559R,HUBU-HOS.CGA.BH442R,HUBU-HOS.ORL.BD049R,HUBU-UCSI.OJOS.001,HUBU-HOS.CPL.BD049R,HUBU-HOS.TRA.BD049R,HUBU-CCEE.ORL.OK039R,HUBU-CCEE.ORL.OK035R,HUBU-CCEE.ORL.BD880R,HUBU-HOS.MI.BH442R,HUBU-CCEE.ORL.BD220R,HUBU-CCEE.ORL.BH445R,HUBU-HOS.ORL.BD511R,HUBU-HOS.ORL.BD222R,HUBU-CCEE.ORL.BH444R,HUBU-CCEE.ORL.600768,HUBU-HOS.TRA.BH442R,HUBU-HOS.TRA.BC110R,,,,,,,,,,,,,,,,,,,,,,,,,,,,
EXT-QUI.495NCS,EXT-QUI.GOMA,EXT-QUI.HARM,,,,,,,,,,,,,,,,,,,,,,,,,,,,,,,,,,,,,,,,,,,,,,,,,
EXT-QUI.495NCS,EXT-QUI.GOMA,HUBU-CCEE.GIN.ER055R,HUBU-CCEE.GIN.BH446R,HUBU-CCEE.GIN.BH646R,HUBU-CCEE.CGD.BD049R,HUBU-CCEE.CIN.BN004R,HUBU-CCEE.CIN.BC060R,HUBU-CCEE.CPL.BD222R,HUBU-CCEE.CPL.BD029R,EXT-QUI.HARM,HUBU-CCEE.GIN.BC604R,HUBU-CCEE.GIN.AN711R,HUBU-CCEE.GIN.EO010R,HUBU-CCEE.GIN.FB416R,HUBU-CCEE.CIN.BD222R,HUBU-CCEE.CGD.BH111R,HGY-QUI.ORL.845219,HUBU-CCEE.GIN.EM103R,HUBU-CCEE.GIN.EL075R,HUBU-CCEE.GIN.EM105R,,,,,,,,,,,,,,,,,,,,,,,,,,,,,,,
EXT-QUI.495NCS,EXT-QUI.GOMA,HGY-ELECT.SUELTO,,,,,,,,,,,,,,,,,,,,,,,,,,,,,,,,,,,,,,,,,,,,,,,,,
EXT-QUI.495NCS,EXT-QUI.012,,,,,,,,,,,,,,,,,,,,,,,,,,,,,,,,,,,,,,,,,,,,,,,,,,
EXT-QUI.495NCS,EXT-QUI.GOMA,,,,,,,,,,,,,,,,,,,,,,,,,,,,,,,,,,,,,,,,,,,,,,,,,,
HUBU-CCEE.ORL.BD883R,HUBU-CCEE.ORL.GF363R,HUBU-CCEE.ORL.GF362R,HUBU-CCEE.ORL.OK037R,HUBU-CCEE.ORL.OK049R,HUBU-CCEE.ORL.OK081R,HUBU-CCEE.ORL.OK038R,HUBU-CCEE.ORL.OK035R,HUBU-CCEE.ORL.BH445R,HUBU-CCEE.ORL.BD870R,HUBU-CCEE.ORL.OG002R,HUBU-CCEE.ORL.OG345R,HUBU-CCEE.ORL.OF358R,HUBU-CCEE.ORL.OG037R,,,,,,,,,,,,,,,,,,,,,,,,,,,,,,,,,,,,,,
HUBU-CCEE.ORL.BD883R,HUBU-CCEE.ORL.GF363R,HUBU-CCEE.ORL.GF362R,HUBU-CCEE.ORL.OK049R,HUBU-CCEE.ORL.OK081R,HUBU-HOS.CV.BD559R,HUBU-HOS.CV.BD049R,HUBU-HOS.CGA.BH442R,HUBU-HOS.CPL.BD222R,HUBU-HOS.CGA.BC326R,HUBU-CCEE.ORL.OK039R,HUBU-CCEE.ORL.OK035R,HUBU-CCEE.ORL.BH445R,HUBU-CCEE.ORL.BD510R,HUBU-CCEE.ORL.OG002R,HUBU-CCEE.ORL.BH444R,HUBU-CCEE.ORL.OG101R,HUBU-CCEE.ORL.600768,HUBU-CCEE.ORL.OG330R,HUBU-CCEE.ORL.OF358R,HUBU-CCEE.ORL.OG037R,,,,,,,,,,,,,,,,,,,,,,,,,,,,,,,
HUBU-CCEE.ORL.BD883R,HUBU-CCEE.ORL.OK049R,HUBU-CCEE.ORL.OK081R,HUBU-CCEE.GIN.BD222R,HGY-ELECT.SUELTO,EXT-UCI.MAQUET,EXT-HOS.002,HUBU-QUI.HEMO.JG523R,HUBU-CCEE.SUELTO,HUBU-CCEE.ORL.OK039R,HUBU-CCEE.CV.BD511R,HUBU-CCEE.ORL.OK038R,HUBU-CCEE.CV.BD222R,HUBU-CCEE.CPL.BD222R,HUBU-CCEE.CPL.BD029R,HUBU-CCEE.ORL.BD510R,HUBU-CCEE.ORL.BD870R,HUBU-CCEE.DER.BD222R,HUBU-CCEE.DER.BD511R,HUBU-CCEE.DER.FK614R,HUBU-CCEE.DER.BM205R,HUBU-CCEE.DER.BC110R,HUBU-CCEE.DER.BC020R,HUBU-QUI.ELEC.JG523R,HUBU-QUI.ELEC.JG524R,HUBU-CCEE.DER.BB073R,HUBU-CCEE.URO.BH110R,HUBU-CCEE.CV.BC863R,,,,,,,,,,,,,,,,,,,,,,,,
HUBU-CCEE.ORL.BD883R,HUBU-CCEE.ORL.GF362R,HUBU-CCEE.ORL.OK037R,HUBU-CCEE.ORL.OK049R,HUBU-CCEE.GIN.BH446R,HUBU-CCEE.GIN.BH646R,HGY-ELECT.SUELTO,EXT-UCI.MAQUET,EXT-HOS.002,HUBU-QUI.HEMO.JG523R,HUBU-CCEE.SUELTO,HUBU-CCEE.ORL.OK039R,HUBU-CCEE.ORL.OK038R,HUBU-CCEE.ORL.OK035R,HUBU-CCEE.ORL.BD880R,HUBU-CCEE.CPL.BD029R,HUBU-CCEE.GIN.EO122R,HUBU-CCEE.ORL.BH445R,HUBU-CCEE.ORL.BD510R,HUBU-CCEE.ORL.BD870R,HGY-PTM.SUELTO,HUBU-CCEE.ORL.OG002R,HUBU-QUI.ELEC.JG523R,HUBU-QUI.ELEC.BH111R,HUBU-CCEE.ORL.GF364R,HUBU-CCEE.ORL.GF365R,HUBU-CCEE.ORL.600768,HUBU-CCEE.ORL.OG345R,,,,,,,,,,,,,,,,,,,,,,,,
HUBU-CCEE.ORL.BD883R,HUBU-CCEE.ORL.GF363R,HUBU-CCEE.ORL.GF362R,HUBU-CCEE.ORL.OK037R,HUBU-CCEE.ORL.OK049R,HUBU-CCEE.ORL.OK081R,HUBU-CCEE.GIN.BD050R,HUBU-CCEE.GIN.BD222R,HGY-ELECT.SUELTO,HUBU-QUI.HEMO.JG523R,HUBU-CCEE.SUELTO,HUBU-CCEE.CV.BD511R,HUBU-CCEE.ORL.OK035R,HUBU-CCEE.CV.BD222R,HUBU-CCEE.GIN.BM067R,HUBU-CCEE.ORL.BD510R,HGY-PTM.SUELTO,HUBU-CCEE.ORL.OG002R,HUBU-QUI.ELEC.JG523R,HUBU-QUI.ELEC.BH111R,HUBU-HOS.HMDL.BC606R,,,,,,,,,,,,,,,,,,,,,,,,,,,,,,,
HUBU-CCEE.ORL.BD883R,HUBU-CCEE.ORL.GF363R,HUBU-CCEE.ORL.GF362R,HUBU-CCEE.ORL.OK049R,HUBU-CCEE.ORL.OK081R,EXT-RADV.SUELTO,HUBU-HOS.CGA.BH442R,HUBU-CCEE.ORL.BD880R,EXT-QUI.CPL.001,HUBU-CCEE.ORL.OG002R,,,,,,,,,,,,,,,,,,,,,,,,,,,,,,,,,,,,,,,,,,
HUBU-CCEE.ORL.BD883R,HUBU-CCEE.ORL.GF363R,HUBU-CCEE.ORL.OK049R,HUBU-CCEE.ORL.OK081R,HUBU-HOS.CV.BD559R,HUBU-HOS.CV.BD049R,HUBU-HOS.CPL.BD222R,HUBU-CCEE.ORL.OK035R,EXT-QUI.012,EXT-QUI.OMS800.03,HUBU-CCEE.ORL.BD870R,HUBU-QUI.CPL.BJ100R,,,,,,,,,,,,,,,,,,,,,,,,,,,,,,,,,,,,,,,,
HUBU-CCEE.ORL.BD883R,HUBU-CCEE.ORL.GF363R,HUBU-CCEE.ORL.GF362R,HUBU-CCEE.ORL.OK049R,HUBU-CCEE.ORL.OK081R,HUBU-QUI.SUELTO,HGY-ELECT.SUELTO,HUBU-QUI.HEMO.JG523R,HUBU-CCEE.SUELTO,HUBU-CCEE.ORL.OK039R,HUBU-CCEE.ORL.OK035R,HUBU-CCEE.ORL.821118,HUBU-CCEE.ORL.BD050R,HUBU-CCEE.ORL.BD880R,HUBU-CCEE.ORL.BD220R,HUBU-CCEE.ORL.BH445R,HUBU-CCEE.ORL.BD510R,HUBU-CCEE.ORL.BD870R,HUBU-QUI.ELEC.BH111R,HUBU-HOS.ONC.BD222R,HUBU-QUI.HEMO.BH111R,HUBU-QUI.HEMO.BC313R,HUBU-HOS.ONC.BC316R,,,,,,,,,,,,,,,,,,,,,,,,,,,,,
HUBU-CCEE.ORL.BD883R,HUBU-CCEE.ORL.GF363R,HUBU-CCEE.ORL.GF362R,HUBU-CCEE.ORL.OK049R,HUBU-CCEE.ORL.OK081R,EXT-RADV.SUELTO,HUBU-HOS.MI.BD049R,HUBU-CCEE.ORL.OK039R,HUBU-CCEE.CV.BD511R,HUBU-CCEE.ORL.OK035R,HUBU-CCEE.CV.BD222R,HUBU-HOS.MI.BH442R,HUBU-CCEE.ORL.BD220R,HUBU-HOS.ORL.BH111R,HUBU-HOS.ONC.BD222R,HUBU-CCEE.ORL.BH644R,HUBU-HOS.TRA.BH442R,,,,,,,,,,,,,,,,,,,,,,,,,,,,,,,,,,,
HUBU-CCEE.ORL.BD883R,HUBU-CCEE.ORL.GF362R,HUBU-CCEE.ORL.OK081R,HUBU-HOS.CV.BD559R,HUBU-QUI.SUELTO,HUBU-CCEE.SUELTO,HUBU-CCEE.ORL.BD880R,HUBU-CCEE.CGD.BD045R,HUBU-CCEE.ORL.OG002R,HUBU-CCEE.CGD.BD559R,HUBU-CCEE.CGD.BN134R,HUBU-CCEE.CGD.BN104R,HUBU-CCEE.CGD.BH110R,,,,,,,,,,,,,,,,,,,,,,,,,,,,,,,,,,,,,,,
HUBU-CCEE.ORL.BD883R,HUBU-CCEE.ORL.GF362R,HUBU-CCEE.ORL.OK049R,HUBU-CCEE.ORL.OK081R,HUBU-QUI.SUELTO,HUBU-CCEE.GIN.ER055R,HUBU-CCEE.GIN.BH446R,HUBU-CCEE.GIN.BH646R,HUBU-CCEE.GIN.BD222R,HGY-ELECT.SUELTO,HUBU-CCEE.CGD.BD049R,HUBU-QUI.HEMO.JG523R,HUBU-CCEE.ORL.OK038R,HUBU-CCEE.CV.BD222R,HUBU-CCEE.ORL.BD050R,HUBU-CCEE.ORL.BD880R,HUBU-CCEE.TR.BM111R,HUBU-CCEE.CPL.BM111R,HUBU-CCEE.CPL.BC106R,HUBU-CCEE.CPL.BD222R,HUBU-CCEE.CPL.BD029R,HUBU-CCEE.GIN.BC604R,HUBU-CCEE.GIN.AN711R,HUBU-CCEE.GIN.EO010R,HUBU-CCEE.GIN.EO122R,HUBU-CCEE.TR.BD049R,HUBU-CCEE.ORL.BD220R,HUBU-CCEE.ORL.BD510R,HUBU-CCEE.GIN.FB416R,HUBU-CCEE.ORL.OG002R,HUBU-QUI.ELEC.JG523R,HUBU-QUI.ELEC.BH111R,HUBU-CCEE.CGD.BH111R,HUBU-CCEE.ORL.GF365R,HUBU-CCEE.ORL.BH444R,HUBU-CCEE.ORL.OG037R,,,,,,,,,,,,,,,,
HUBU-CCEE.ORL.BD883R,HUBU-CCEE.ORL.GF363R,HUBU-CCEE.ORL.OK049R,HUBU-CCEE.ORL.OK081R,HUBU-HOS.CGA.BH442R,HUBU-CCEE.ORL.OK038R,HUBU-CCEE.ORL.OK035R,HUBU-CCEE.ORL.BD880R,HUBU-CCEE.ORL.BD870R,HUBU-HOS.TRA.BH442R,,,,,,,,,,,,,,,,,,,,,,,,,,,,,,,,,,,,,,,,,,
HUBU-CCEE.ORL.BD883R,HUBU-CCEE.ORL.GF363R,HUBU-CCEE.ORL.GF362R,HUBU-CCEE.ORL.OK049R,HUBU-CCEE.ORL.OK081R,HUBU-CCEE.GIN.ER055R,HUBU-CCEE.GIN.BH446R,HUBU-CCEE.GIN.BD050R,HUBU-CCEE.CIN.BN004R,EXT-UCI.MAQUET,HUBU-CCEE.SUELTO,HUBU-CCEE.ORL.OK039R,HUBU-CCEE.CV.BD511R,HUBU-CCEE.ORL.OK038R,HUBU-CCEE.ORL.OK035R,HUBU-CCEE.CV.BD222R,HUBU-CCEE.ORL.BD880R,HUBU-CCEE.CPL.BD222R,HUBU-CCEE.CPL.BD029R,EXT-URPA.MAQUET,HUBU-CCEE.CPL.BH110R,HUBU-CCEE.CV.BC107R,HUBU-CCEE.ORL.OG002R,HUBU-CCEE.CIN.BD222R,HUBU-HOS.DOM.BD559R,HUBU-CCEE.ORL.OG101R,EXT-HOS.001,HUBU-HOS.DOM.BD222R,HUBU-HOS.URPA.DP552R,,,,,,,,,,,,,,,,,,,,,,,
HUBU-CCEE.ORL.BD883R,HUBU-CCEE.ORL.GF363R,HUBU-CCEE.ORL.GF362R,HUBU-CCEE.GIN.ER055R,HUBU-CCEE.GIN.BH446R,HUBU-CCEE.GIN.BH646R,HUBU-QUI.HEMO.JG523R,HUBU-CCEE.ORL.BD880R,HUBU-CCEE.CPL.BD222R,HUBU-CCEE.CPL.BD029R,HUBU-CCEE.GIN.EO010R,HUBU-CCEE.GIN.EO122R,HUBU-CCEE.TR.BD049R,HUBU-CCEE.CPL.BH110R,HUBU-CCEE.ORL.BH445R,HUBU-CCEE.ORL.BD870R,HUBU-CCEE.GIN.FB416R,HUBU-CCEE.ORL.OF610R,HUBU-QUI.ELEC.JG523R,HUBU-QUI.ELEC.BH111R,HGY-HADO.SUELTO,HUBU-CCEE.CPL.OK105R,HUBU-CCEE.ORL.GF365R,HUBU-CCEE.ORL.BH645R,HUBU-CCEE.NCI.BC110R,HUBU-CCEE.NCI.BD210R,HUBU-HOS.HDON.BC316R,HUBU-HOS.HDHM.BD559R,,,,,,,,,,,,,,,,,,,,,,,,
HUBU-CCEE.ORL.BD883R,HUBU-CCEE.ORL.GF363R,HUBU-CCEE.ORL.OK037R,HUBU-CCEE.ORL.OK049R,HUBU-CCEE.ORL.OK081R,HUBU-CCEE.GIN.ER055R,HUBU-CCEE.GIN.BH446R,HUBU-CCEE.GIN.BH646R,HGY-ELECT.SUELTO,HUBU-CCEE.CGD.BD049R,EXT-UCI.MAQUET,HUBU-QUI.HEMO.JG523R,HUBU-CCEE.SUELTO,HUBU-CCEE.ORL.OK039R,HUBU-CCEE.CV.BD511R,HUBU-CCEE.ORL.OK038R,HUBU-CCEE.CV.BD222R,HUBU-CCEE.ORL.BD050R,HUBU-CCEE.ORL.BD880R,HUBU-CCEE.GIN.AN711R,HUBU-CCEE.GIN.EO010R,HUBU-CCEE.GIN.EO122R,HUBU-CCEE.CV.BC107R,HUBU-CCEE.ORL.BD510R,HUBU-CCEE.GIN.FB416R,HUBU-CCEE.ORL.OG002R,HUBU-QUI.ELEC.JG523R,HUBU-CCEE.CGD.BN134R,HUBU-HOS.UCIA.BH110R,HUBU-HOS.HDON.BH442R,HGY-REH.SUELTO,HUBU-QUI.HEMO.BH642R,,,,,,,,,,,,,,,,,,,,
HUBU-CCEE.ORL.BD883R,HUBU-CCEE.ORL.GF363R,HUBU-CCEE.ORL.GF362R,HUBU-CCEE.ORL.OK037R,HUBU-CCEE.ORL.OK049R,HUBU-CCEE.ORL.OK081R,HUBU-CCEE.GIN.ER055R,HUBU-CCEE.GIN.BH446R,EXT-UCI.MAQUET,HUBU-CCEE.SUELTO,HUBU-CCEE.ORL.OK039R,HUBU-CCEE.ORL.OK038R,HUBU-CCEE.ORL.OK035R,HUBU-CCEE.ORL.BD880R,HUBU-CCEE.GIN.AN711R,HUBU-CCEE.ORL.BD220R,HUBU-CCEE.ORL.BH445R,HUBU-CCEE.GIN.FB416R,HUBU-CCEE.ORL.GF364R,EXT-HOS.001,,,,,,,,,,,,,,,,,,,,,,,,,,,,,,,,
HUBU-CCEE.ORL.BD883R,HUBU-CCEE.ORL.GF363R,HUBU-CCEE.ORL.GF362R,HUBU-CCEE.ORL.OK037R,HUBU-CCEE.ORL.OK049R,HUBU-CCEE.ORL.OK081R,HUBU-CCEE.GIN.ER055R,HUBU-CCEE.GIN.BH446R,HUBU-CCEE.GIN.BH646R,HGY-ELECT.SUELTO,HUBU-CCEE.CGD.BD049R,HUBU-CCEE.CIN.BN004R,EXT-UCI.MAQUET,EXT-HOS.002,HUBU-QUI.HEMO.JG523R,HUBU-CCEE.SUELTO,HUBU-CCEE.ORL.OK039R,HUBU-CCEE.ORL.OK038R,HUBU-CCEE.ORL.OK035R,HUBU-CCEE.ORL.BD880R,HUBU-CCEE.CPL.BC106R,HUBU-CCEE.CPL.BD222R,HUBU-CCEE.CPL.BD029R,HUBU-CCEE.GIN.AN711R,EXT-URPA.MAQUET,HUBU-CCEE.CGD.BD045R,HUBU-CCEE.ORL.BD870R,HGY-PTM.SUELTO,HUBU-CCEE.DER.BD222R,HUBU-CCEE.DER.BD511R,HUBU-CCEE.DER.FK614R,HUBU-CCEE.DER.BM205R,HUBU-CCEE.DER.BH110R,HUBU-CCEE.DER.BC171R,HUBU-CCEE.DER.BC110R,HUBU-CCEE.DER.BC020R,HUBU-CCEE.GIN.FB416R,HUBU-QUI.ELEC.JG523R,HUBU-QUI.ELEC.BH111R,HUBU-HOS.DOM.BD049R,HUBU-HOS.CPL.BD511R,HUBU-CCEE.CGD.BH111R,HUBU-CCEE.ORL.GF364R,HUBU-CCEE.ORL.BH645R,HUBU-CCEE.DER.BC156R,HUBU-CCEE.DER.BB073R,HUBU-CCEE.CGD.BH110R,HUBU-HOS.URPA.BD049R,HUBU-CCEE.CGD.BD555R,HUBU-HOS.URPA.BH111R,HUBU-CCEE.GIN.EL075R,
HUBU-CCEE.ORL.BD883R,HUBU-CCEE.ORL.OK037R,HUBU-CCEE.ORL.OK049R,HUBU-CCEE.ORL.OK081R,EXT-UCI.MAQUET,HUBU-QUI.HEMO.JG523R,HUBU-CCEE.SUELTO,HUBU-CCEE.GIN.BN113R,HUBU-CCEE.CPL.BC106R,HUBU-CCEE.CPL.BD222R,HUBU-CCEE.CPL.BD029R,EXT-QUI.012,EXT-URPA.MAQUET,HUBU-CCEE.CPL.BH110R,HUBU-CCEE.ORL.BD220R,HUBU-CCEE.ORL.BH445R,HGY-PTM.SUELTO,HUBU-CCEE.DER.BD222R,HUBU-CCEE.DER.BD511R,HUBU-CCEE.DER.FK614R,HUBU-CCEE.DER.BM205R,HUBU-CCEE.DER.BC110R,HUBU-CCEE.DER.BC020R,HUBU-CCEE.ORL.OG002R,HUBU-RAD.BD033R,HUBU-CCEE.ORL.GF364R,HUBU-HOS.UCIA.BH110R,HUBU-CCEE.ORL.BH645R,HUBU-CCEE.ORL.BH444R,HUBU-CCEE.DER.FF321R,HUBU-CCEE.DER.BB073R,HUBU-HOS.URPA.JG522R,HUBU-CCEE.GIN.BN134R,,,,,,,,,,,,,,,,,,,
HUBU-CCEE.ORL.BD883R,HUBU-CCEE.ORL.GF363R,HUBU-CCEE.ORL.GF362R,HUBU-CCEE.ORL.OK037R,HUBU-CCEE.ORL.OK049R,HUBU-CCEE.ORL.OK081R,HUBU-CCEE.GIN.BD222R,HGY-ELECT.SUELTO,HUBU-CCEE.CGD.BD049R,HUBU-CCEE.CIN.BN004R,HUBU-CCEE.CIN.BC060R,EXT-UCI.MAQUET,EXT-HOS.002,HUBU-QUI.HEMO.JG523R,HUBU-CCEE.SUELTO,HUBU-CCEE.ORL.OK035R,HUBU-CCEE.CV.BD222R,HUBU-CCEE.ORL.BD880R,HUBU-CCEE.CPL.BC106R,HUBU-CCEE.CPL.BD222R,HUBU-CCEE.CPL.BD029R,HUBU-CCEE.GIN.AN711R,HGY-PTM.SUELTO,HUBU-CCEE.ORL.OG002R,HUBU-CCEE.CIN.BD222R,HUBU-QUI.ELEC.JG523R,HUBU-QUI.ELEC.BH111R,HUBU-CCEE.CGD.BN134R,HUBU-CCEE.CGD.BN104R,HUBU-CCEE.CGD.BH111R,HUBU-QUI.ELEC.JG524R,HUBU-CCEE.GIN.EM122R,,,,,,,,,,,,,,,,,,,,
HUBU-CCEE.ORL.BD883R,HUBU-CCEE.ORL.GF362R,HUBU-CCEE.ORL.OK049R,HUBU-CCEE.ORL.OK081R,HUBU-CCEE.GIN.ER055R,HGY-ELECT.SUELTO,EXT-UCI.MAQUET,EXT-HOS.002,HUBU-QUI.HEMO.JG523R,HUBU-CCEE.CV.BD511R,HUBU-CCEE.CV.BD222R,HUBU-CCEE.ORL.BD880R,HUBU-CCEE.CPL.BD222R,HUBU-CCEE.CPL.BD029R,HUBU-CCEE.GIN.AN711R,HUBU-CCEE.GIN.EO010R,EXT-URPA.MAQUET,HUBU-CCEE.ORL.BH445R,HUBU-CCEE.ORL.OG002R,HUBU-QUI.ELEC.JG523R,HUBU-QUI.ELEC.BH111R,HUBU-HOS.HMDL.BM065R,,,,,,,,,,,,,,,,,,,,,,,,,,,,,,
HUBU-CCEE.ORL.BD883R,HUBU-CCEE.ORL.GF363R,HUBU-CCEE.ORL.GF362R,HUBU-CCEE.ORL.OK049R,HUBU-CCEE.ORL.OK081R,HUBU-QUI.GIN.JG524R,HUBU-CCEE.GIN.ER055R,HUBU-CCEE.GIN.BH446R,HUBU-CCEE.GIN.BH646R,HUBU-CCEE.GIN.BD050R,EXT-HOS.002,HUBU-QUI.HEMO.JG523R,HUBU-CCEE.SUELTO,HUBU-CCEE.ORL.OK039R,HUBU-CCEE.ORL.OK038R,HUBU-CCEE.ORL.OK035R,HUBU-CCEE.ORL.821118,HUBU-CCEE.ORL.BD050R,HUBU-CCEE.ORL.BD880R,HUBU-CCEE.GIN.BM067R,HUBU-CCEE.GIN.BN113R,HUBU-CCEE.CPL.BC106R,HUBU-CCEE.CPL.BD222R,HUBU-CCEE.CPL.BD029R,HUBU-CCEE.GIN.EO010R,HUBU-CCEE.GIN.EO122R,HUBU-CCEE.TR.BD049R,HUBU-CCEE.CPL.BH110R,HUBU-CCEE.ORL.BD220R,HUBU-CCEE.ORL.BH445R,HUBU-CCEE.ORL.BD870R,HGY-PTM.SUELTO,HUBU-CCEE.GIN.FB416R,HUBU-CCEE.ORL.OG002R,HUBU-CCEE.ORL.OF610R,HUBU-CCEE.GIN.BD049R,HUBU-CCEE.ORL.GF364R,HUBU-HOS.HMDL.BM065R,HUBU-CCEE.GIN.BC330R,HUBU-CCEE.ORL.BH444R,HUBU-CCEE.GIN.ER061R,HUBU-CCEE.ORL.OM087R,HUBU-CCEE.GIN.EM105R,,,,,,,,,
HUBU-CCEE.ORL.BD883R,HUBU-CCEE.ORL.GF363R,HUBU-CCEE.ORL.GF362R,HUBU-CCEE.ORL.OK037R,HUBU-CCEE.ORL.OK049R,HUBU-CCEE.ORL.OK081R,HUBU-CCEE.GIN.ER055R,HUBU-CCEE.GIN.BH646R,HUBU-CCEE.GIN.BD050R,HGY-ELECT.SUELTO,EXT-UCI.MAQUET,EXT-HOS.002,HUBU-CCEE.SUELTO,HUBU-CCEE.ORL.OK039R,HUBU-CCEE.CV.BD511R,HUBU-CCEE.ORL.OK038R,HUBU-CCEE.CV.BD222R,HUBU-CCEE.ORL.821118,HUBU-CCEE.ORL.BD880R,HUBU-CCEE.CPL.BC106R,HUBU-CCEE.CPL.BD222R,HUBU-CCEE.CPL.BD029R,HUBU-CCEE.GIN.BC604R,HUBU-CCEE.GIN.AN711R,HUBU-CCEE.GIN.EO010R,HUBU-CCEE.GIN.EO122R,EXT-URPA.MAQUET,HUBU-CCEE.CPL.BH110R,HUBU-CCEE.ORL.BH445R,HUBU-CCEE.GIN.FB416R,HUBU-HOS.HDON.BD049R,HUBU-QUI.ELEC.JG523R,HUBU-QUI.ELEC.BH111R,HUBU-CCEE.ORL.GF364R,HUBU-HOS.DOM.BD559R,HUBU-CCEE.ORL.GF365R,HUBU-HOS.URPA.BC445R,HUBU-CCEE.ORL.600768,HUBU-HOS.HDHM.BC346R,HUBU-HOS.DOM.BH442R,,,,,,,,,,,,
HUBU-CCEE.ORL.BD883R,HUBU-CCEE.ORL.GF363R,HUBU-CCEE.ORL.GF362R,HUBU-CCEE.ORL.OK049R,HUBU-CCEE.ORL.OK081R,HUBU-CCEE.GIN.ER055R,HUBU-CCEE.GIN.BH446R,HUBU-CCEE.GIN.BH646R,HUBU-CCEE.GIN.BD050R,EXT-UCI.MAQUET,EXT-HOS.002,HUBU-QUI.HEMO.JG523R,HUBU-CCEE.SUELTO,HUBU-CCEE.ORL.OK039R,HUBU-CCEE.CV.BD511R,HUBU-CCEE.ORL.OK038R,HUBU-CCEE.ORL.OK035R,HUBU-CCEE.CV.BD222R,HUBU-CCEE.CPL.BD222R,HUBU-CCEE.CPL.BD029R,HUBU-CCEE.GIN.EO010R,HUBU-CCEE.GIN.EO122R,EXT-URPA.MAQUET,HUBU-CCEE.CPL.BH110R,HUBU-CCEE.ORL.BH445R,HUBU-CCEE.ORL.BD870R,HUBU-CCEE.GIN.BC428R,HUBU-QUI.ELEC.BH111R,HUBU-HOS.HMDL.BM065R,HUBU-CCEE.ORL.OF356R,HUBU-HOS.URPA.BC445R,HUBU-CCEE.ORL.600768,HUBU-CCEE.CGD.BC106R,HUBU-CCEE.GIN.BN134R,HUBU-CCEE.ORL.OG037R,,,,,,,,,,,,,,,,,
HUBU-CCEE.ORL.BD883R,HUBU-CCEE.ORL.GF362R,HUBU-CCEE.ORL.OK049R,HUBU-CCEE.ORL.OK081R,HUBU-CCEE.GIN.ER055R,HUBU-CCEE.GIN.BH446R,HUBU-CCEE.GIN.BH646R,HUBU-CCEE.GIN.BD050R,HUBU-CCEE.GIN.BD222R,HGY-ELECT.SUELTO,EXT-HOS.002,HUBU-CCEE.ORL.OK039R,HUBU-CCEE.CV.BD511R,HUBU-CCEE.ORL.OK038R,HUBU-CCEE.ORL.OK035R,HUBU-CCEE.CV.BD222R,HUBU-CCEE.ORL.BD880R,HUBU-CCEE.GIN.BC604R,HUBU-CCEE.GIN.EO010R,HUBU-CCEE.GIN.EO122R,HUBU-CCEE.TR.BD049R,HUBU-CCEE.GIN.FB416R,HUBU-QUI.ELEC.JG523R,HUBU-QUI.ELEC.JG524R,EXT-HOS.001,HUBU-HOS.NEO.BC110R,HUBU-QUI.HEMO.BH111R,HUBU-HOS.URPA.BM066R,HUBU-HOS.HDHM.BD049R,HUBU-HOS.URPA.BD049R,HUBU-CCEE.GIN.ER061R,HUBU-CCEE.GIN.BH447R,HUBU-HOS.HDQI.BD222R,HUBU-HOS.HDHM.BC346R,HUBU-QUI.HEMO.BD049R,,,,,,,,,,,,,,,,,
HUBU-CCEE.ORL.BD883R,HUBU-CCEE.ORL.GF362R,HUBU-CCEE.ORL.OK037R,HUBU-CCEE.ORL.OK049R,HUBU-CCEE.ORL.OK081R,HUBU-CCEE.GIN.BD222R,HUBU-CCEE.CGD.BD049R,EXT-UCI.MAQUET,EXT-HOS.002,HUBU-QUI.HEMO.JG523R,HUBU-CCEE.SUELTO,HUBU-CCEE.ORL.OK039R,HUBU-CCEE.CV.BD511R,HUBU-CCEE.ORL.OK035R,HUBU-CCEE.CV.BD222R,HUBU-CCEE.ORL.821118,HUBU-CCEE.ORL.BD880R,HUBU-CCEE.TR.BM111R,HUBU-CCEE.CPL.BD222R,HUBU-CCEE.CPL.BD029R,HUBU-CCEE.GIN.AN711R,HUBU-CCEE.CPL.BH110R,HUBU-CCEE.CGD.BD045R,HUBU-CCEE.ORL.BD220R,HUBU-CCEE.ORL.BH445R,HUBU-CCEE.DER.BD222R,HUBU-CCEE.DER.FK614R,HUBU-CCEE.DER.BM205R,HUBU-CCEE.DER.BH110R,HUBU-CCEE.DER.BC110R,HUBU-CCEE.DER.BC020R,HUBU-CCEE.ORL.OG002R,HUBU-CCEE.ORL.OF610R,HUBU-CCEE.ORL.GF352R,HUBU-CCEE.ORL.BH444R,HUBU-CCEE.ORL.OG101R,HUBU-HOS.HMDL.BC606R,HUBU-CCEE.CV.HF234R,HUBU-CCEE.DER.BB073R,HUBU-HOS.URPA.BM066R,,,,,,,,,,,,
HUBU-CCEE.ORL.BD883R,HUBU-CCEE.ORL.GF363R,HUBU-CCEE.ORL.OK049R,HUBU-CCEE.ORL.OK081R,HUBU-QUI.SUELTO,HUBU-QUI.GIN.JG524R,HUBU-CCEE.GIN.ER055R,HUBU-CCEE.GIN.BH446R,HUBU-CCEE.GIN.BH646R,HGY-ELECT.SUELTO,HUBU-CCEE.CIN.BC060R,EXT-HOS.002,HUBU-QUI.HEMO.JG523R,HUBU-CCEE.SUELTO,HUBU-CCEE.ORL.OK038R,HUBU-CCEE.ORL.OK035R,HUBU-CCEE.ORL.BD880R,HUBU-CCEE.CPL.BC106R,HUBU-CCEE.CPL.BD222R,HUBU-CCEE.CPL.BD029R,HUBU-CCEE.GIN.BC604R,HUBU-CCEE.GIN.EO010R,EXT-URPA.MAQUET,HUBU-CCEE.CPL.BH110R,HUBU-CCEE.ORL.BD220R,HUBU-CCEE.ORL.BH445R,HUBU-CCEE.ORL.BD510R,HUBU-CCEE.GIN.BC428R,HUBU-CCEE.CIN.BD222R,HUBU-QUI.ELEC.JG523R,HUBU-QUI.ELEC.BH111R,HGY-HADO.SUELTO,HUBU-HOS.DOM.BD049R,HUBU-HOS.DOM.BD559R,HUBU-QUI.ORL.BM066R,HUBU-CCEE.ORL.BH444R,HUBU-HOS.URPA.BC445R,HUBU-CCEE.ORL.OG341R,,,,,,,,,,,,,,
HUBU-CCEE.ORL.BD883R,HUBU-CCEE.ORL.GF363R,HUBU-CCEE.ORL.GF362R,HUBU-CCEE.ORL.OK049R,HUBU-CCEE.ORL.OK081R,HGY-ELECT.SUELTO,HUBU-CCEE.CV.BD511R,HUBU-CCEE.ORL.OK035R,HUBU-CCEE.CV.BD222R,HUBU-CCEE.ORL.BD880R,HUBU-CCEE.ORL.BD220R,HUBU-CCEE.ORL.BD870R,HUBU-CCEE.ORL.OG002R,HUBU-CCEE.ORL.GF364R,EXT-QUI.FIADOR,HUBU-CCEE.ORL.600768,,,,,,,,,,,,,,,,,,,,,,,,,,,,,,,,,,,,
HUBU-CCEE.ORL.GF363R,HUBU-CCEE.ORL.GF362R,HUBU-CCEE.ORL.OK049R,HUBU-CCEE.ORL.OK081R,HUBU-QUI.SUELTO,HUBU-CCEE.GIN.ER055R,HUBU-CCEE.GIN.BH446R,HUBU-CCEE.GIN.BH646R,HUBU-CCEE.CGD.BD049R,HUBU-CCEE.CIN.BN004R,EXT-UCI.MAQUET,EXT-HOS.002,HUBU-CCEE.SUELTO,HUBU-CCEE.CV.BD511R,HUBU-CCEE.ORL.OK038R,HUBU-CCEE.CV.BD222R,HUBU-CCEE.ORL.BD880R,HUBU-CCEE.GIN.BN113R,HUBU-CCEE.GIN.BC607R,HUBU-CCEE.CPL.BC106R,HUBU-CCEE.CPL.BD222R,HUBU-CCEE.CPL.BD029R,HUBU-CCEE.GIN.AN711R,HUBU-CCEE.GIN.EO010R,HUBU-CCEE.GIN.EO122R,HUBU-CCEE.CPL.BH110R,HUBU-CCEE.CGD.BD045R,HUBU-CCEE.CV.BC107R,HUBU-CCEE.ORL.BD870R,HUBU-CCEE.GIN.FB416R,HUBU-CCEE.CIN.BD222R,HUBU-HOS.DOM.BD049R,HUBU-HOS.DOM.BD559R,EXT-MNUC.SUELTO,EXT-HOS.001,HUBU-CCEE.CGD.BH110R,HUBU-CCEE.ORL.BD560R,,,,,,,,,,,,,,,
HUBU-CCEE.ORL.GF363R,HUBU-HOS.CV.BD049R,HUBU-HOS.TRA.BD049R,,,,,,,,,,,,,,,,,,,,,,,,,,,,,,,,,,,,,,,,,,,,,,,,,
HUBU-CCEE.ORL.GF363R,HUBU-CCEE.ORL.GF362R,HUBU-CCEE.ORL.OK081R,EXT-RADV.SUELTO,HUBU-HOS.MI.BD049R,HUBU-HOS.CV.BD049R,HUBU-HOS.CGA.BH442R,HUBU-HOS.CPL.BH442R,HUBU-HOS.ORL.BD049R,HUBU-UCSI.OJOS.001,HUBU-CCEE.ORL.OK035R,HUBU-HOS.MI.BH442R,HUBU-CCEE.ORL.BD870R,HUBU-HOS.ORL.BD511R,HUBU-CCEE.ORL.OG002R,HUBU-HOS.MI.BD559R,HUBU-HOS.MI.BH642R,HUBU-HOS.ORL.BM065R,HUBU-HOS.DIG.BD049R,HUBU-HOS.DIG.BC346R,,,,,,,,,,,,,,,,,,,,,,,,,,,,,,,,
HUBU-CCEE.ORL.GF363R,HUBU-CCEE.ORL.OK049R,HUBU-CCEE.ORL.OK081R,HUBU-HOS.MI.BD049R,HUBU-HOS.CGA.BM065R,HUBU-HOS.CV.BD559R,HUBU-HOS.CGA.BH442R,HUBU-UCSI.OJOS.001,HUBU-CCEE.SUELTO,HUBU-CCEE.CV.BD511R,HUBU-CCEE.ORL.OK038R,HUBU-CCEE.ORL.OK035R,HUBU-CCEE.CV.BD222R,HUBU-CCEE.ORL.BD880R,HUBU-HOS.MI.BH442R,HUBU-CCEE.CV.BC107R,HUBU-HOS.CGB.BM065R,HUBU-CCEE.ORL.OG002R,HUBU-CCEE.ORL.BH444R,HUBU-HOS.CGB.BH642R,HUBU-HOS.MI.BM235R,HUBU-HOS.TRA.BH442R,,,,,,,,,,,,,,,,,,,,,,,,,,,,,,
HUBU-CCEE.ORL.GF363R,HUBU-CCEE.ORL.OK049R,HUBU-CCEE.ORL.OK081R,HUBU-HOS.MI.BD049R,HUBU-HOS.CV.BD559R,HUBU-HOS.CPL.BD222R,HUBU-HOS.TRA.BD049R,HUBU-CCEE.ORL.OK035R,HUBU-CCEE.ORL.BD050R,HUBU-HOS.NEUR.BD049R,HUBU-CCEE.ORL.BD220R,HUBU-CCEE.ORL.BD510R,HUBU-HOS.MI.BD559R,HUBU-HOS.HEMT.BD049R,HUBU-HOS.CPL.BD511R,HUBU-HOS.CGB.BH442R,HUBU-HOS.ONC.BD049R,HUBU-HOS.MI.BH642R,HUBU-HOS.NEUR.BH442R,,,,,,,,,,,,,,,,,,,,,,,,,,,,,,,,,
HUBU-CCEE.ORL.GF363R,HUBU-CCEE.ORL.GF362R,HUBU-CCEE.ORL.OK049R,HUBU-CCEE.ORL.OK081R,HUBU-QUI.SUELTO,HUBU-CCEE.GIN.ER055R,HUBU-CCEE.GIN.BH446R,HUBU-CCEE.GIN.BH646R,HUBU-CCEE.GIN.BD222R,EXT-HOS.002,HUBU-CCEE.ORL.OK039R,HUBU-CCEE.ORL.OK038R,HUBU-CCEE.ORL.OK035R,HUBU-CCEE.CPL.BD222R,HUBU-CCEE.CPL.BD029R,HUBU-CCEE.GIN.EO122R,EXT-URPA.MAQUET,HUBU-CCEE.CPL.BH110R,HUBU-CCEE.CGD.BD045R,HUBU-CCEE.ORL.BD510R,HUBU-CCEE.ORL.BD870R,HUBU-CCEE.CGD.BD559R,,,,,,,,,,,,,,,,,,,,,,,,,,,,,,
HUBU-CCEE.ORL.GF363R,HUBU-CCEE.ORL.OK049R,HUBU-HOS.ORL.BD049R,HUBU-UCSI.OJOS.001,HUBU-HOS.TRA.BD049R,HUBU-CCEE.ORL.821118,HUBU-CCEE.ORL.BD880R,HUBU-HOS.ORL.BH442R,HUBU-HOS.GINE.EL041R,HUBU-HOS.ORL.BM065R,HUBU-HOS.TRA.BC110R,,,,,,,,,,,,,,,,,,,,,,,,,,,,,,,,,,,,,,,,,
HUBU-CCEE.ORL.GF363R,HUBU-CCEE.ORL.OK049R,HUBU-HOS.MI.BD049R,HUBU-HOS.CPL.BD222R,HUBU-HOS.TRA.BD049R,HUBU-CCEE.ORL.BD880R,HUBU-HOS.MI.BH442R,HUBU-HOS.ORL.BH442R,HUBU-CCEE.ORL.BH644R,HUBU-CCEE.ORL.OG345R,HUBU-CCEE.ORL.OF358R,,,,,,,,,,,,,,,,,,,,,,,,,,,,,,,,,,,,,,,,,
HUBU-CCEE.ORL.GF362R,HUBU-CCEE.ORL.OK037R,HUBU-CCEE.ORL.OK049R,HUBU-CCEE.ORL.OK081R,HGY-ELECT.SUELTO,EXT-UCI.MAQUET,HUBU-CCEE.ORL.OK039R,HUBU-CCEE.CV.BD511R,HUBU-CCEE.ORL.OK038R,HUBU-CCEE.CV.BD222R,HUBU-CCEE.ORL.BD880R,HUBU-CCEE.CPL.BD222R,HUBU-CCEE.CPL.BD029R,EXT-QUI.012,HUBU-CCEE.TR.BD049R,HUBU-CCEE.CGD.BD045R,HUBU-CCEE.ORL.BD510R,HUBU-CCEE.ORL.BD870R,HUBU-CCEE.ORL.OG002R,HUBU-CCEE.CGD.BD559R,HUBU-QUI.ELEC.JG523R,HUBU-QUI.ELEC.BH111R,HUBU-CCEE.CPL.OK105R,HUBU-QUI.ELEC.JG524R,HUBU-CCEE.ORL.600768,HUBU-CCEE.CGD.BD555R,HUBU-CCEE.CGD.BC106R,HUBU-HOS.UCIA.BD557R,,,,,,,,,,,,,,,,,,,,,,,,
HUBU-CCEE.ORL.GF362R,HUBU-CCEE.ORL.OK049R,HUBU-CCEE.ORL.OK081R,HUBU-CCEE.SUELTO,HUBU-CCEE.ORL.OK038R,HUBU-CCEE.ORL.BD880R,HUBU-CCEE.ORL.BH445R,HUBU-CCEE.ORL.OG002R,HUBU-CCEE.ORL.GF364R,HUBU-CCEE.ORL.OG345R,,,,,,,,,,,,,,,,,,,,,,,,,,,,,,,,,,,,,,,,,,
HUBU-CCEE.ORL.GF362R,HUBU-CCEE.ORL.OK037R,HUBU-CCEE.ORL.OK049R,HUBU-CCEE.ORL.OK081R,HUBU-HOS.CV.BD559R,HUBU-HOS.CV.BD049R,HUBU-UCSI.OJOS.001,HUBU-HOS.CPL.BD049R,HUBU-HOS.CPL.BD222R,HUBU-HOS.CV.BC326R,HUBU-QUI.PAR.BF122R,HUBU-QUI.PAR.BB175R,HUBU-CCEE.ORL.BD510R,HUBU-HOS.ORL.BH111R,HUBU-CCEE.ORL.OG002R,HUBU-HOS.CPL.BD511R,HUBU-CCEE.ORL.GF364R,HUBU-CCEE.ORL.OG101R,HUBU-HOS.ORL.BM065R,HUBU-HOS.CPL.BH110R,HUBU-HOS.CV.FO514R,HUBU-CCEE.ORL.OG037R,,,,,,,,,,,,,,,,,,,,,,,,,,,,,,
HUBU-CCEE.ORL.OK037R,HUBU-CCEE.ORL.OK049R,HUBU-CCEE.ORL.OK081R,HUBU-CCEE.GIN.ER055R,HUBU-CCEE.GIN.BH446R,HUBU-CCEE.GIN.BH646R,EXT-UCI.MAQUET,EXT-HOS.002,HUBU-CCEE.SUELTO,HUBU-CCEE.CV.BD511R,HUBU-CCEE.ORL.OK038R,HUBU-CCEE.ORL.OK035R,HUBU-CCEE.CV.BD222R,HUBU-CCEE.ORL.BD880R,HUBU-CCEE.CPL.BD222R,HUBU-CCEE.CPL.BD029R,HUBU-QUI.CP.BC545R,HUBU-CCEE.GIN.EO122R,EXT-URPA.MAQUET,HUBU-CCEE.CV.BC107R,HUBU-CCEE.DER.BD222R,HUBU-CCEE.DER.BD511R,HUBU-CCEE.DER.FK614R,HUBU-CCEE.DER.BC110R,HUBU-CCEE.DER.BC020R,HUBU-CCEE.ORL.OG002R,HUBU-CCEE.CGD.BN104R,HUBU-CCEE.CGD.BH111R,HUBU-CCEE.ORL.GF364R,EXT-MNUC.SUELTO,HUBU-QUI.ELEC.JG524R,HUBU-CCEE.CV.BC326R,,,,,,,,,,,,,,,,,,,,
HUBU-CCEE.ORL.OK037R,HUBU-CCEE.ORL.OK049R,HUBU-CCEE.ORL.OK081R,HUBU-HOS.CV.BH442R,HUBU-HOS.CV.BD559R,HUBU-HOS.CGA.BD049R,HUBU-UCSI.OJOS.001,HUBU-HOS.TRA.BM065R,HUBU-HOS.TRA.BD049R,HUBU-CCEE.ORL.BD510R,HUBU-HOS.MI.BD559R,HUBU-CCEE.ORL.OF356R,HUBU-HOS.MI.BM235R,HUBU-CCEE.ORL.600768,HUBU-CCEE.ORL.OG330R,HUBU-CCEE.ORL.OG345R,HUBU-CCEE.ORL.OF358R,,,,,,,,,,,,,,,,,,,,,,,,,,,,,,,,,,,
HUBU-CCEE.ORL.OK037R,HUBU-CCEE.ORL.OK049R,HUBU-CCEE.ORL.OK081R,EXT-RADV.SUELTO,HUBU-HOS.MI.BD049R,HUBU-HOS.CV.BH442R,HUBU-HOS.CGA.BM065R,HUBU-HOS.CGA.BH442R,HUBU-HOS.ORL.BD049R,HUBU-HOS.TRA.BD049R,HUBU-CCEE.ORL.OK035R,HUBU-CCEE.ORL.BD050R,HUBU-CCEE.ORL.BD880R,EXT-HOS.005,HUBU-HOS.MI.BH442R,HUBU-CCEE.ORL.BH445R,HUBU-CCEE.ORL.BD510R,HUBU-HOS.CGB.BM065R,HUBU-CCEE.ORL.OG002R,HUBU-QUI.PAR.EL628R,HUBU-HOS.MI.BD559R,HUBU-QUI.PAR.EL043R,HUBU-HOS.TRA.BH442R,EXT-HOS.004,HUBU-HOS.DIG.BH442R,HUBU-HOS.DIG.BH110R,HUBU-HOS.DIG.BD049R,,,,,,,,,,,,,,,,,,,,,,,,,
HUBU-CCEE.ORL.OK037R,EXT-RADV.SUELTO,HUBU-HOS.CV.BH442R,HUBU-HOS.CV.BD559R,HUBU-HOS.CV.BD049R,HUBU-HOS.CGA.BH442R,HUBU-UCSI.OJOS.001,HUBU-HOS.CV.BM065R,HUBU-CCEE.ORL.OK039R,HUBU-CCEE.ORL.OK035R,HUBU-HOS.CPL.BH110R,HUBU-HOS.CPL.BM065R,,,,,,,,,,,,,,,,,,,,,,,,,,,,,,,,,,,,,,,,
HUBU-CCEE.ORL.OK049R,HUBU-CCEE.ORL.OK081R,EXT-UCI.MAQUET,EXT-HOS.002,HUBU-CCEE.CV.BD511R,HUBU-CCEE.ORL.OK038R,HUBU-CCEE.CV.BD222R,HUBU-CCEE.ORL.821118,HUBU-CCEE.CPL.BD222R,HUBU-CCEE.CPL.BD029R,HUBU-CCEE.ORL.BD220R,HUBU-CCEE.ORL.BD870R,HGY-PTM.SUELTO,HUBU-CCEE.CGD.BD559R,HUBU-QUI.ELEC.BH111R,HGY-HADO.SUELTO,HUBU-CCEE.GIN.BD049R,HUBU-CCEE.CGD.BN104R,HUBU-CCEE.CGD.BH111R,HUBU-CCEE.CPL.OK105R,HUBU-HOS.DOM.BD559R,HUBU-HOS.HMDL.BM065R,HUBU-CCEE.CV.BC863R,,,,,,,,,,,,,,,,,,,,,,,,,,,,,
HUBU-CCEE.ORL.OK049R,HUBU-CCEE.ORL.OK081R,EXT-RADV.SUELTO,HUBU-HOS.CV.BD559R,HUBU-HOS.CV.BD049R,HUBU-UCSI.OJOS.001,HUBU-HOS.TRA.BD049R,HUBU-HOS.CV.BM065R,HUBU-HOS.CV.BC326R,HUBU-CCEE.ORL.OK038R,HUBU-CCEE.ORL.OG002R,HUBU-HOS.HEMT.BD049R,HUBU-HOS.ORL.BH442R,HUBU-HOS.ORL.BD222R,HUBU-CCEE.ORL.BH645R,HUBU-HOS.CGB.BH642R,HUBU-HOS.TRA.BH442R,HUBU-HOS.CV.FO514R,HUBU-HOS.GINE.EL043R,HUBU-HOS.GINE.BH447R,HUBU-HOS.GINE.BH646R,HUBU-HOS.GINE.BC346R,,,,,,,,,,,,,,,,,,,,,,,,,,,,,,
HUBU-CCEE.ORL.OK049R,EXT-UCI.MAQUET,HUBU-CCEE.ORL.OK039R,HUBU-CCEE.ORL.OK038R,EXT-URPA.MAQUET,EXT-HOS.001,,,,,,,,,,,,,,,,,,,,,,,,,,,,,,,,,,,,,,,,,,,,,,
HUBU-CCEE.ORL.OK049R,HUBU-CCEE.ORL.OK081R,EXT-RADV.SUELTO,HUBU-HOS.CV.BH442R,HUBU-HOS.CV.BD049R,HUBU-HOS.ORL.BD049R,HUBU-UCSI.OJOS.001,HUBU-CCEE.ORL.OK038R,HUBU-CCEE.ORL.OK035R,HUBU-CCEE.ORL.BD870R,HUBU-HOS.ORL.BH111R,HUBU-HOS.ORL.BD511R,HUBU-CCEE.ORL.OG002R,HUBU-CCEE.ORL.BH645R,HUBU-CCEE.ORL.OG101R,HUBU-QUI.CP.BD222R,HUBU-HOS.ONC.BD049R,HUBU-HOS.DIG.BH442R,,,,,,,,,,,,,,,,,,,,,,,,,,,,,,,,,,
HUBU-CCEE.ORL.OK049R,HUBU-CCEE.ORL.OK081R,EXT-RADV.SUELTO,HUBU-HOS.CGA.BD049R,HUBU-HOS.CV.BD049R,HUBU-HOS.CGA.BH442R,HUBU-UCSI.OJOS.001,HUBU-HOS.TRA.BD049R,HUBU-CCEE.ORL.OK039R,HUBU-HOS.TRA.BH442R,,,,,,,,,,,,,,,,,,,,,,,,,,,,,,,,,,,,,,,,,,
HUBU-CCEE.ORL.OK049R,HUBU-CCEE.ORL.OK081R,HUBU-HOS.ORL.BD049R,HUBU-UCSI.OJOS.001,HUBU-HOS.TRA.BD049R,HUBU-HOS.CV.BC326R,HUBU-CCEE.ORL.BD880R,HUBU-CCEE.ORL.BD220R,HUBU-HOS.ORL.BH111R,HUBU-CCEE.ORL.OG002R,HUBU-HOS.ORL.BH442R,HUBU-CCEE.ORL.OG037R,,,,,,,,,,,,,,,,,,,,,,,,,,,,,,,,,,,,,,,,
HUBU-CCEE.ORL.OK049R,HUBU-CCEE.ORL.OK081R,HUBU-HOS.CV.BH442R,HUBU-HOS.CV.BD049R,HUBU-HOS.PCP.BD511R,HUBU-HOS.ORL.BD049R,HUBU-QUI.SUELTO,HUBU-HOS.CPL.BD222R,HUBU-CCEE.ORL.OG002R,HUBU-HOS.CPL.BD511R,HUBU-QUI.CPL.BT030R,HUBU-HOS.GINE.EL044R,HUBU-HOS.TRA.BH442R,HUBU-HOS.CPL.BH110R,HUBU-HOS.TRA.BC110R,,,,,,,,,,,,,,,,,,,,,,,,,,,,,,,,,,,,,
HUBU-CCEE.ORL.OK049R,HUBU-CCEE.ORL.OK081R,EXT-RADV.SUELTO,HUBU-HOS.CV.BH442R,HUBU-HOS.CV.BD559R,HUBU-HOS.CGA.BD049R,HUBU-HOS.CGA.BH442R,HUBU-HOS.ORL.BD049R,HUBU-UCSI.OJOS.001,HUBU-QUI.SUELTO,HUBU-HOS.TRA.BD049R,HUBU-HOS.CV.BM065R,HUBU-CCEE.ORL.OK035R,HUBU-CCEE.ORL.BD880R,HUBU-HOS.NEUC.BD049R,HUBU-HOS.OBST.BD557R,HUBU-HOS.OBST.BH610R,HUBU-CCEE.ORL.OG330R,HUBU-CCEE.ORL.OG345R,HUBU-CCEE.ORL.OF358R,,,,,,,,,,,,,,,,,,,,,,,,,,,,,,,,
HUBU-CCEE.ORL.OK049R,HUBU-CCEE.ORL.OK081R,HUBU-CCEE.ORL.OK038R,HUBU-CCEE.ORL.BD880R,HUBU-CCEE.ORL.BH445R,HUBU-CCEE.ORL.BD870R,HUBU-CCEE.ORL.GF364R,HUBU-CCEE.ORL.OF356R,HUBU-CCEE.ORL.OF358R,,,,,,,,,,,,,,,,,,,,,,,,,,,,,,,,,,,,,,,,,,,
HUBU-CCEE.ORL.OK049R,HUBU-CCEE.ORL.OK081R,EXT-RADV.SUELTO,HUBU-HOS.MI.BD049R,HUBU-HOS.CV.BH442R,HUBU-UCSI.OJOS.001,HUBU-HOS.CPL.BD222R,HUBU-HOS.TRA.BD049R,HUBU-HOS.CV.BC326R,HUBU-CCEE.CGD.BD049R,HUBU-CCEE.CV.BD511R,HUBU-CCEE.CV.BD222R,HUBU-CCEE.CGD.BD045R,HGY-PTM.SUELTO,HUBU-CCEE.ORL.OG002R,HUBU-CCEE.CGD.BD559R,HUBU-HOS.HEMT.BD049R,HUBU-CCEE.CGD.BN134R,HUBU-CCEE.CGD.BN104R,HUBU-CCEE.CGD.BH110R,HUBU-HOS.HEMT.BC346R,,,,,,,,,,,,,,,,,,,,,,,,,,,,,,,
HUBU-CCEE.ORL.OK081R,EXT-URPA.MAQUET,,,,,,,,,,,,,,,,,,,,,,,,,,,,,,,,,,,,,,,,,,,,,,,,,,
EXT-RADV.SUELTO,HUBU-CCEE.GIN.ER055R,HUBU-CCEE.GIN.BH446R,HUBU-CCEE.GIN.BH646R,HUBU-CCEE.GIN.BM067R,HUBU-CCEE.GIN.FB416R,HUBU-CCEE.GIN.BD672R,,,,,,,,,,,,,,,,,,,,,,,,,,,,,,,,,,,,,,,,,,,,,
EXT-RADV.SUELTO,HUBU-HOS.ORL.BD049R,HUBU-HOS.ORL.BH111R,HUBU-HOS.ORL.BD222R,HUBU-HOS.OBST.BH610R,,,,,,,,,,,,,,,,,,,,,,,,,,,,,,,,,,,,,,,,,,,,,,,
EXT-RADV.SUELTO,HUBU-HOS.CV.BH442R,HUBU-HOS.CV.BD559R,HUBU-HOS.NHOS.BD049R,HUBU-HOS.NHOS.BD559R,HUBU-HOS.OBST.BN003R,HUBU-HOS.OBST.BC110R,HUBU-HOS.OBST.BN004R,HUBU-HOS.DIG.BC346R,,,,,,,,,,,,,,,,,,,,,,,,,,,,,,,,,,,,,,,,,,,
EXT-RADV.SUELTO,HUBU-CCEE.GIN.BH646R,EXT-UCI.MAQUET,EXT-HOS.002,HUBU-CCEE.CPL.BH111R,HUBU-CCEE.CPL.BC106R,HUBU-CCEE.CPL.BD222R,HUBU-CCEE.CPL.BD029R,EXT-URPA.MAQUET,HUBU-CCEE.CPL.BH110R,HGY-PTM.SUELTO,HUBU-CCEE.GIN.FB416R,EXT-HOS.001,,,,,,,,,,,,,,,,,,,,,,,,,,,,,,,,,,,,,,,
HUBU-HOS.MI.BD049R,HUBU-HOS.CV.BH442R,HUBU-HOS.CGA.BM065R,HUBU-HOS.CV.BD559R,HUBU-HOS.CV.BD049R,HUBU-UCSI.OJOS.001,EXT-QUI.CPL.001,HUBU-QUI.PAR.BF122R,HUBU-QUI.PAR.BB175R,,,,,,,,,,,,,,,,,,,,,,,,,,,,,,,,,,,,,,,,,,,
HUBU-HOS.MI.BD049R,HUBU-HOS.ORL.BD049R,HUBU-QUI.CP.BM065R,HUBU-QUI.ORL.BC544R,HUBU-HOS.URO.BH442R,HUBU-HOS.URO.BD559R,,,,,,,,,,,,,,,,,,,,,,,,,,,,,,,,,,,,,,,,,,,,,,
HUBU-HOS.MI.BD049R,HUBU-HOS.ORL.BD049R,HUBU-HOS.ORL.BH442R,HUBU-HOS.GINE.BD557R,HUBU-HOS.GINE.BH447R,HUBU-HOS.GINE.BH646R,HUBU-HOS.URO.BH442R,HUBU-HOS.GINE.BC346R,HUBU-HOS.OBST.BF112R,,,,,,,,,,,,,,,,,,,,,,,,,,,,,,,,,,,,,,,,,,,
HUBU-HOS.MI.BD049R,HUBU-HOS.MI.BH442R,HUBU-HOS.MI.BD559R,,,,,,,,,,,,,,,,,,,,,,,,,,,,,,,,,,,,,,,,,,,,,,,,,
HUBU-HOS.MI.BD049R,HUBU-HOS.CV.BD559R,HUBU-HOS.CGA.BH442R,HUBU-HOS.ORL.BD049R,HUBU-HOS.TRA.BD049R,HUBU-HOS.ORL.BH442R,HUBU-HOS.CGB.BH442R,HUBU-HOS.GINE.BN114R,HUBU-HOS.DIG.BH110R,HUBU-HOS.GINE.BH447R,HUBU-HOS.DIG.BM065R,,,,,,,,,,,,,,,,,,,,,,,,,,,,,,,,,,,,,,,,,
HUBU-HOS.MI.BD049R,HUBU-HOS.CV.BH442R,HUBU-HOS.CV.BD559R,HUBU-HOS.CGA.BH442R,HUBU-HOS.CPL.BH442R,HUBU-HOS.ORL.BD049R,HUBU-UCSI.OJOS.001,HUBU-HOS.TRA.BD049R,HUBU-CCEE.ORL.OK039R,HUBU-CCEE.ORL.BD880R,HUBU-HOS.MI.BH442R,HUBU-HOS.ORL.BH442R,HUBU-HOS.ORL.BD222R,HUBU-HOS.MI.BH110R,HUBU-HOS.DIG.BH442R,HUBU-HOS.GINE.BH646R,,,,,,,,,,,,,,,,,,,,,,,,,,,,,,,,,,,,
HUBU-HOS.MI.BD049R,HUBU-HOS.ORL.BD049R,HUBU-HOS.MI.BH442R,HUBU-HOS.ORL.BH111R,HUBU-HOS.ORL.BH442R,HUBU-HOS.ORL.BD222R,HUBU-HOS.OBST.BD557R,HUBU-HOS.DIG.BH442R,,,,,,,,,,,,,,,,,,,,,,,,,,,,,,,,,,,,,,,,,,,,
HUBU-HOS.CV.BH442R,HUBU-HOS.CV.BD559R,HUBU-HOS.CV.BD049R,HUBU-HOS.ORL.BD049R,HUBU-HOS.ORL.BH442R,HUBU-HOS.CGB.BH642R,,,,,,,,,,,,,,,,,,,,,,,,,,,,,,,,,,,,,,,,,,,,,,
HUBU-HOS.CV.BH442R,HUBU-HOS.CV.BD559R,HUBU-HOS.CV.BD049R,HUBU-HOS.CGA.BH442R,HUBU-HOS.ORL.BD049R,HUBU-HOS.TRA.BD049R,EXT-UCI.MAQUET,HUBU-HOS.NEUR.BD049R,HUBU-HOS.ORL.BH111R,HUBU-HOS.HEMT.BD049R,HUBU-HOS.ORL.BH442R,EXT-HOS.001,HUBU-HOS.NEUR.BH110R,,,,,,,,,,,,,,,,,,,,,,,,,,,,,,,,,,,,,,,
HUBU-HOS.CV.BH442R,HUBU-HOS.CV.BD559R,HUBU-HOS.CV.BM065R,,,,,,,,,,,,,,,,,,,,,,,,,,,,,,,,,,,,,,,,,,,,,,,,,
HUBU-HOS.CV.BH442R,HUBU-HOS.ORL.BD049R,HUBU-HOS.GINE.BD557R,,,,,,,,,,,,,,,,,,,,,,,,,,,,,,,,,,,,,,,,,,,,,,,,,
HUBU-HOS.CV.BH442R,HUBU-HOS.CV.BD559R,HUBU-HOS.CV.BD049R,HUBU-HOS.CV.BM065R,HUBU-HOS.CV.BC326R,HUBU-HOS.CV.FO514R,,,,,,,,,,,,,,,,,,,,,,,,,,,,,,,,,,,,,,,,,,,,,,
HUBU-HOS.CV.BH442R,HUBU-HOS.CGA.BH442R,HUBU-HOS.ORL.BD049R,HUBU-HOS.CGB.BM065R,HUBU-HOS.ORL.BH111R,HUBU-HOS.ORL.BH442R,HUBU-HOS.GINE.BD047R,HUBU-HOS.GINE.EL044R,,,,,,,,,,,,,,,,,,,,,,,,,,,,,,,,,,,,,,,,,,,,
HUBU-HOS.CV.BH442R,HUBU-HOS.CV.BD559R,HUBU-HOS.CV.BD049R,HUBU-HOS.TRA.BD049R,HUBU-HOS.MI.BH442R,HUBU-HOS.GINE.BD557R,HUBU-HOS.TRA.BH442R,HUBU-HOS.GINE.BH646R,,,,,,,,,,,,,,,,,,,,,,,,,,,,,,,,,,,,,,,,,,,,
HUBU-HOS.CV.BH442R,HUBU-HOS.CV.BD049R,HUBU-HOS.CPL.BD222R,,,,,,,,,,,,,,,,,,,,,,,,,,,,,,,,,,,,,,,,,,,,,,,,,
HUBU-HOS.CV.BH442R,HUBU-HOS.CV.BD559R,HUBU-HOS.MI.BH442R,HUBU-HOS.CGB.BH442R,HUBU-HOS.CGB.BH642R,,,,,,,,,,,,,,,,,,,,,,,,,,,,,,,,,,,,,,,,,,,,,,,
HUBU-HOS.CGA.BM065R,HUBU-HOS.CGA.BH442R,,,,,,,,,,,,,,,,,,,,,,,,,,,,,,,,,,,,,,,,,,,,,,,,,,
HUBU-HOS.CGA.BM065R,HUBU-HOS.CGA.BH442R,,,,,,,,,,,,,,,,,,,,,,,,,,,,,,,,,,,,,,,,,,,,,,,,,,
HUBU-HOS.CGA.BM065R,HUBU-HOS.CGA.BD049R,HUBU-UCSI.OJOS.001,HUBU-HOS.CGA.BC326R,HUBU-HOS.MI.BD559R,,,,,,,,,,,,,,,,,,,,,,,,,,,,,,,,,,,,,,,,,,,,,,,
HUBU-HOS.CGA.BM065R,HUBU-HOS.CV.BD559R,HUBU-HOS.CGA.BD049R,HUBU-HOS.CV.BD049R,HUBU-HOS.CGA.BH442R,HUBU-HOS.CGA.BC326R,HUBU-HOS.CV.BM065R,HUBU-QUI.CPL.LX159R,HUBU-HOS.CGB.BH442R,HUBU-HOS.CGB.BD049R,,,,,,,,,,,,,,,,,,,,,,,,,,,,,,,,,,,,,,,,,,
HUBU-HOS.CV.BD559R,HUBU-HOS.CV.BD049R,HUBU-HOS.ORL.BD049R,HUBU-HOS.CV.BM065R,HUBU-HOS.ORL.BH111R,HUBU-HOS.ORL.BD511R,HUBU-HOS.CPL.BD511R,HUBU-HOS.ORL.BH442R,,,,,,,,,,,,,,,,,,,,,,,,,,,,,,,,,,,,,,,,,,,,
HUBU-HOS.CV.BD559R,HUBU-HOS.OBST.BC110R,HUBU-HOS.TRA.BD049R,HUBU-HOS.CV.BM065R,HUBU-HOS.OBST.BN004R,HUBU-HOS.TRA.BH442R,,,,,,,,,,,,,,,,,,,,,,,,,,,,,,,,,,,,,,,,,,,,,,
HUBU-HOS.CV.BD559R,HUBU-HOS.CGA.BH442R,HUBU-HOS.ORL.BD049R,HUBU-HOS.TRA.BD049R,HUBU-HOS.ORL.BH111R,HUBU-HOS.ORL.BH442R,HUBU-HOS.ORL.BM065R,HUBU-HOS.OBST.BH111R,,,,,,,,,,,,,,,,,,,,,,,,,,,,,,,,,,,,,,,,,,,,
HUBU-HOS.CGA.BD049R,HUBU-HOS.CV.BD049R,HUBU-UCSI.OJOS.001,HUBU-HOS.TRA.BD049R,HUBU-HOS.MI.BD559R,,,,,,,,,,,,,,,,,,,,,,,,,,,,,,,,,,,,,,,,,,,,,,,
HUBU-HOS.CV.BD049R,HUBU-HOS.ORL.BD049R,HUBU-HOS.ORL.BH111R,HUBU-HOS.ORL.BD222R,HUBU-HOS.ORL.BM065R,,,,,,,,,,,,,,,,,,,,,,,,,,,,,,,,,,,,,,,,,,,,,,,
HUBU-HOS.NHOS.BD049R,HUBU-HOS.NHOS.BD559R,HUBU-HOS.NHOS.BH442R,HUBU-HOS.PCP.BC110R,HUBU-HOS.ORL.BH111R,HUBU-HOS.ORL.BD511R,HUBU-HOS.ORL.BD222R,HUBU-HOS.NHOS.BC346R,,,,,,,,,,,,,,,,,,,,,,,,,,,,,,,,,,,,,,,,,,,,
HUBU-HOS.PCP.BD511R,HUBU-HOS.PCP.BC110R,HUBU-HOS.CPL.BD049R,HUBU-HOS.TRA.BD222R,HUBU-HOS.TRA.BD049R,HUBU-HOS.HEMT.BD049R,HUBU-HOS.GINE.BD047R,HUBU-HOS.GINE.BN114R,HUBU-HOS.TRA.BH442R,HUBU-HOS.CPL.BH110R,,,,,,,,,,,,,,,,,,,,,,,,,,,,,,,,,,,,,,,,,,
HUBU-HOS.ORL.BD049R,HUBU-HOS.CPL.BD222R,,,,,,,,,,,,,,,,,,,,,,,,,,,,,,,,,,,,,,,,,,,,,,,,,,
HUBU-HOS.ORL.BD049R,HUBU-HOS.ORL.BD511R,,,,,,,,,,,,,,,,,,,,,,,,,,,,,,,,,,,,,,,,,,,,,,,,,,
HUBU-HOS.ORL.BD049R,HUBU-UCSI.OJOS.001,HUBU-HOS.ORL.BH111R,HUBU-HOS.ORL.BD222R,,,,,,,,,,,,,,,,,,,,,,,,,,,,,,,,,,,,,,,,,,,,,,,,
HUBU-HOS.ORL.BD049R,HUBU-HOS.ORL.BH442R,HUBU-HOS.GINE.EL041R,HUBU-HOS.GINE.BN114R,,,,,,,,,,,,,,,,,,,,,,,,,,,,,,,,,,,,,,,,,,,,,,,,
HUBU-HOS.ORL.BD049R,HUBU-HOS.TRA.BD049R,HUBU-HOS.ORL.BH111R,HUBU-HOS.ORL.BH442R,HUBU-HOS.ORL.BD222R,HUBU-HOS.TRA.BH442R,,,,,,,,,,,,,,,,,,,,,,,,,,,,,,,,,,,,,,,,,,,,,,
HUBU-UCSI.OJOS.004,HUBU-UCSI.OJOS.001,,,,,,,,,,,,,,,,,,,,,,,,,,,,,,,,,,,,,,,,,,,,,,,,,,
HUBU-UCSI.OJOS.004,HUBU-UCSI.OJOS.001,,,,,,,,,,,,,,,,,,,,,,,,,,,,,,,,,,,,,,,,,,,,,,,,,,
HUBU-UCSI.OJOS.004,HUBU-UCSI.OJOS.001,,,,,,,,,,,,,,,,,,,,,,,,,,,,,,,,,,,,,,,,,,,,,,,,,,
HUBU-UCSI.OJOS.004,HUBU-UCSI.OJOS.001,HUBU-HOS.TRA.BH442R,,,,,,,,,,,,,,,,,,,,,,,,,,,,,,,,,,,,,,,,,,,,,,,,,
EXT-QUI.GOMA,HUBU-URG.BH630R,,,,,,,,,,,,,,,,,,,,,,,,,,,,,,,,,,,,,,,,,,,,,,,,,,
EXT-QUI.GOMA,EXT-QUI.HARM,EXT-HOS.008,HUBU-QUI.PAR.EL043R,,,,,,,,,,,,,,,,,,,,,,,,,,,,,,,,,,,,,,,,,,,,,,,,
EXT-QUI.GOMA,HUBU-QUI.TR.FK176R,EXT-QUI.011,EXT-QUI.014,HGY-QUI.ORL.845219,,,,,,,,,,,,,,,,,,,,,,,,,,,,,,,,,,,,,,,,,,,,,,,
EXT-QUI.GOMA,EXT-QUI.011,EXT-QUI.015,EXT-QUI.012,,,,,,,,,,,,,,,,,,,,,,,,,,,,,,,,,,,,,,,,,,,,,,,,
EXT-QUI.GOMA,HGY-ELECT.SUELTO,HUBU-QUI.CPL.FO918A,HUBU-HOS.HMDL.BM065R,EXT-HOS.001,HUBU-QUI.CV.BD511R,,,,,,,,,,,,,,,,,,,,,,,,,,,,,,,,,,,,,,,,,,,,,,
EXT-QUI.GOMA,HUBU-QUI.GIN.JG524R,,,,,,,,,,,,,,,,,,,,,,,,,,,,,,,,,,,,,,,,,,,,,,,,,,
EXT-QUI.GOMA,EXT-QUI.HARM,,,,,,,,,,,,,,,,,,,,,,,,,,,,,,,,,,,,,,,,,,,,,,,,,,
EXT-QUI.GOMA,HUBU-QUI.GIN.BF431R,,,,,,,,,,,,,,,,,,,,,,,,,,,,,,,,,,,,,,,,,,,,,,,,,,
EXT-QUI.GOMA,EXT-QUI.HARM,,,,,,,,,,,,,,,,,,,,,,,,,,,,,,,,,,,,,,,,,,,,,,,,,,
EXT-QUI.GOMA,HGY-ELECT.SUELTO,EXT-QUI.CPL.001,,,,,,,,,,,,,,,,,,,,,,,,,,,,,,,,,,,,,,,,,,,,,,,,,
EXT-QUI.GOMA,EXT-QUI.011,,,,,,,,,,,,,,,,,,,,,,,,,,,,,,,,,,,,,,,,,,,,,,,,,,
EXT-QUI.GOMA,EXT-QUI.011,EXT-QUI.HARM,,,,,,,,,,,,,,,,,,,,,,,,,,,,,,,,,,,,,,,,,,,,,,,,,
EXT-QUI.GOMA,HUBU-QUI.PAR.BD562R,HUBU-QUI.PAR.EL043R,,,,,,,,,,,,,,,,,,,,,,,,,,,,,,,,,,,,,,,,,,,,,,,,,
EXT-QUI.GOMA,EXT-QUI.HARM,,,,,,,,,,,,,,,,,,,,,,,,,,,,,,,,,,,,,,,,,,,,,,,,,,
HUBU-QUI.SUELTO,HUBU-QUI.CPL.BT030R,,,,,,,,,,,,,,,,,,,,,,,,,,,,,,,,,,,,,,,,,,,,,,,,,,
HUBU-QUI.SUELTO,HUBU-QUI.CPL.FK630R,,,,,,,,,,,,,,,,,,,,,,,,,,,,,,,,,,,,,,,,,,,,,,,,,,
HUBU-QUI.SUELTO,HUBU-QUI.TR.FK176R,HUBU-QUI.TR.BV273R,,,,,,,,,,,,,,,,,,,,,,,,,,,,,,,,,,,,,,,,,,,,,,,,,
HUBU-QUI.SUELTO,HUBU-QUI.GIN.JG524R,EXT-HOS.002,EXT-QUI.OMS800.03,,,,,,,,,,,,,,,,,,,,,,,,,,,,,,,,,,,,,,,,,,,,,,,,
HUBU-QUI.SUELTO,HUBU-QUI.CPL.FO918A,HUBU-QUI.CPL.BJ100R,HUBU-QUI.CPL.JG522R,,,,,,,,,,,,,,,,,,,,,,,,,,,,,,,,,,,,,,,,,,,,,,,,
HUBU-QUI.SUELTO,HUBU-QUI.GIN.JG524R,HUBU-QUI.CP.BC545R,,,,,,,,,,,,,,,,,,,,,,,,,,,,,,,,,,,,,,,,,,,,,,,,,
HUBU-QUI.SUELTO,HUBU-QUI.CPL.LX157R,,,,,,,,,,,,,,,,,,,,,,,,,,,,,,,,,,,,,,,,,,,,,,,,,,
HUBU-QUI.CPL.BT040R,HUBU-QUI.TR.BD557R,EXT-QUI.OMS800.03,,,,,,,,,,,,,,,,,,,,,,,,,,,,,,,,,,,,,,,,,,,,,,,,,
HUBU-QUI.CPL.BT040R,EXT-QUI.CPL.001,HUBU-QUI.CPL.BT030R,HUBU-QUI.CPL.LX157R,,,,,,,,,,,,,,,,,,,,,,,,,,,,,,,,,,,,,,,,,,,,,,,,
HUBU-QUI.CPL.BT040R,HUBU-QUI.ORL.BH111R,,,,,,,,,,,,,,,,,,,,,,,,,,,,,,,,,,,,,,,,,,,,,,,,,,
HUBU-QUI.TR.FK176R,EXT-QUI.011,HUBU-QUI.TR.FO183R,HUBU-QUI.TR.FK171R,,,,,,,,,,,,,,,,,,,,,,,,,,,,,,,,,,,,,,,,,,,,,,,,
HUBU-QUI.TR.FK176R,HUBU-QUI.TR.FO181R,,,,,,,,,,,,,,,,,,,,,,,,,,,,,,,,,,,,,,,,,,,,,,,,,,
HUBU-QUI.TR.FK176R,HUBU-QUI.TR.BV273R,,,,,,,,,,,,,,,,,,,,,,,,,,,,,,,,,,,,,,,,,,,,,,,,,,
HUBU-QUI.TR.FK176R,HUBU-QUI.CP.BC545R,EXT-HOS.008,,,,,,,,,,,,,,,,,,,,,,,,,,,,,,,,,,,,,,,,,,,,,,,,,
HUBU-QUI.TR.FK176R,EXT-QUI.012,HUBU-QUI.TR.JG523R,,,,,,,,,,,,,,,,,,,,,,,,,,,,,,,,,,,,,,,,,,,,,,,,,
HUBU-QUI.TR.FK176R,HUBU-QUI.TR.MD456R,,,,,,,,,,,,,,,,,,,,,,,,,,,,,,,,,,,,,,,,,,,,,,,,,,
HUBU-QUI.TR.FK176R,HUBU-QUI.CPL.FO918A,HUBU-QUI.CPL.BT030R,,,,,,,,,,,,,,,,,,,,,,,,,,,,,,,,,,,,,,,,,,,,,,,,,
HUBU-QUI.TR.FK176R,HUBU-QUI.CV.BD511R,,,,,,,,,,,,,,,,,,,,,,,,,,,,,,,,,,,,,,,,,,,,,,,,,,
HUBU-QUI.TR.FK176R,HUBU-QUI.TR.MD456R,HUBU-QUI.CG.BD053R,HUBU-QUI.TR.FO181R,HUBU-QUI.TRA.LX164R,,,,,,,,,,,,,,,,,,,,,,,,,,,,,,,,,,,,,,,,,,,,,,,
HUBU-QUI.TR.FK176R,EXT-QUI.012,,,,,,,,,,,,,,,,,,,,,,,,,,,,,,,,,,,,,,,,,,,,,,,,,,
HUBU-QUI.TR.FK176R,HUBU-QUI.TR.BV094R,HUBU-QUI.TR.BD557R,HUBU-QUI.TR.BV248R,HUBU-QUI.TRA.LX164R,,,,,,,,,,,,,,,,,,,,,,,,,,,,,,,,,,,,,,,,,,,,,,,
HUBU-QUI.GIN.JG524R,EXT-HOS.008,,,,,,,,,,,,,,,,,,,,,,,,,,,,,,,,,,,,,,,,,,,,,,,,,,
HUBU-QUI.GIN.JG524R,HUBU-QUI.GIN.BM019R,,,,,,,,,,,,,,,,,,,,,,,,,,,,,,,,,,,,,,,,,,,,,,,,,,
HUBU-QUI.GIN.JG524R,HUBU-QUI.PAR.BF122R,HUBU-QUI.PAR.BD562R,HUBU-QUI.PAR.BB175R,HUBU-QUI.CP.BM065R,HUBU-QUI.PAR.BD560R,,,,,,,,,,,,,,,,,,,,,,,,,,,,,,,,,,,,,,,,,,,,,,
HUBU-QUI.GIN.JG524R,HUBU-QUI.CPL.FO918A,HUBU-QUI.CPL.JG524R,HUBU-QUI.CPL.LX159R,,,,,,,,,,,,,,,,,,,,,,,,,,,,,,,,,,,,,,,,,,,,,,,,
HUBU-QUI.GIN.JG524R,HUBU-QUI.ORL.BH111R,HUBU-QUI.TR.MD456R,HUBU-QUI.ORL.BM065R,,,,,,,,,,,,,,,,,,,,,,,,,,,,,,,,,,,,,,,,,,,,,,,,
HUBU-QUI.GIN.JG524R,HUBU-QUI.CG.BD053R,,,,,,,,,,,,,,,,,,,,,,,,,,,,,,,,,,,,,,,,,,,,,,,,,,
HUBU-QUI.GIN.JG524R,HUBU-QUI.CPL.BT030R,HUBU-QUI.CG.BT030R,,,,,,,,,,,,,,,,,,,,,,,,,,,,,,,,,,,,,,,,,,,,,,,,,
HUBU-QUI.GIN.JG524R,EXT-HOS.008,,,,,,,,,,,,,,,,,,,,,,,,,,,,,,,,,,,,,,,,,,,,,,,,,,
HUBU-QUI.GIN.JG524R,HUBU-QUI.GIN.BF431R,,,,,,,,,,,,,,,,,,,,,,,,,,,,,,,,,,,,,,,,,,,,,,,,,,
HUBU-QUI.GIN.JG524R,HUBU-QUI.PAR.BD562R,HUBU-QUI.PAR.BH177R,HUBU-URG.BH630R,HUBU-QUI.TRA.LX164R,HGY-QUI.URG.SUELTO,,,,,,,,,,,,,,,,,,,,,,,,,,,,,,,,,,,,,,,,,,,,,,
HUBU-QUI.GIN.JG524R,HUBU-QUI.GIN.BC557R,,,,,,,,,,,,,,,,,,,,,,,,,,,,,,,,,,,,,,,,,,,,,,,,,,
HUBU-QUI.GIN.JG524R,HUBU-QUI.CPL.FO918A,HUBU-QUI.TR.LX164R,,,,,,,,,,,,,,,,,,,,,,,,,,,,,,,,,,,,,,,,,,,,,,,,,
HUBU-QUI.GIN.JG524R,EXT-HOS.002,,,,,,,,,,,,,,,,,,,,,,,,,,,,,,,,,,,,,,,,,,,,,,,,,,
HUBU-QUI.GIN.JG524R,HUBU-QUI.PAR.BF122R,HUBU-QUI.PAR.BB175R,,,,,,,,,,,,,,,,,,,,,,,,,,,,,,,,,,,,,,,,,,,,,,,,,
HUBU-QUI.GIN.JG524R,HUBU-QUI.PAR.BF122R,,,,,,,,,,,,,,,,,,,,,,,,,,,,,,,,,,,,,,,,,,,,,,,,,,
HUBU-QUI.GIN.JG524R,EXT-QUI.015,HUBU-QUI.CP.BC545R,,,,,,,,,,,,,,,,,,,,,,,,,,,,,,,,,,,,,,,,,,,,,,,,,
HUBU-CCEE.GIN.ER055R,HUBU-CCEE.GIN.BH446R,HUBU-CCEE.GIN.BH646R,HUBU-QUI.PAR.BF122R,HUBU-QUI.PAR.BB175R,HUBU-CCEE.GIN.EO122R,HUBU-CCEE.GIN.FB416R,HUBU-CCEE.GIN.BD672R,HUBU-CCEE.GIN.EL014R,HUBU-CCEE.GIN.EL075R,,,,,,,,,,,,,,,,,,,,,,,,,,,,,,,,,,,,,,,,,,
HUBU-CCEE.GIN.ER055R,HUBU-CCEE.GIN.BH646R,EXT-UCI.MAQUET,EXT-HOS.002,HUBU-CCEE.CPL.BD222R,HUBU-CCEE.CPL.BD029R,HUBU-CCEE.GIN.AN711R,HUBU-CCEE.GIN.EO122R,HUBU-QUI.ELEC.JG523R,HUBU-QUI.ELEC.BH111R,HUBU-HOS.DOM.BD049R,HUBU-QUI.ORL.BM065R,,,,,,,,,,,,,,,,,,,,,,,,,,,,,,,,,,,,,,,,
HUBU-CCEE.GIN.ER055R,HUBU-CCEE.GIN.BH446R,HUBU-CCEE.GIN.BH646R,HUBU-CCEE.GIN.BC604R,HUBU-CCEE.GIN.EO010R,HUBU-CCEE.GIN.EO122R,HUBU-CCEE.GIN.FB416R,HUBU-CCEE.GIN.ER011R,,,,,,,,,,,,,,,,,,,,,,,,,,,,,,,,,,,,,,,,,,,,
HUBU-CCEE.GIN.BH446R,HUBU-CCEE.GIN.BD222R,EXT-HOS.002,HUBU-CCEE.GIN.BC604R,HUBU-CCEE.GIN.AN711R,HUBU-CCEE.GIN.EO010R,HUBU-CCEE.GIN.EO122R,HUBU-CCEE.DER.BD222R,HUBU-CCEE.DER.BD511R,HUBU-CCEE.DER.FK614R,HUBU-CCEE.DER.BM205R,HUBU-CCEE.DER.BC171R,HUBU-CCEE.DER.BC110R,HUBU-CCEE.DER.BC020R,HUBU-CCEE.GIN.FB416R,HUBU-CCEE.DER.BC156R,,,,,,,,,,,,,,,,,,,,,,,,,,,,,,,,,,,,
HUBU-CCEE.GIN.BH446R,HUBU-CCEE.GIN.BD222R,HUBU-CCEE.GIN.BC604R,HUBU-CCEE.GIN.EO010R,HUBU-CCEE.GIN.EO122R,,,,,,,,,,,,,,,,,,,,,,,,,,,,,,,,,,,,,,,,,,,,,,,
HUBU-CCEE.GIN.BH646R,HGY-ELECT.SUELTO,EXT-UCI.MAQUET,EXT-HOS.002,HUBU-CCEE.SUELTO,HUBU-CCEE.GIN.EO010R,HUBU-CCEE.GIN.EO122R,HUBU-QUI.ELEC.BH111R,HUBU-CCEE.GIN.BC426R,,,,,,,,,,,,,,,,,,,,,,,,,,,,,,,,,,,,,,,,,,,
HUBU-CCEE.GIN.BD222R,HUBU-CCEE.GIN.EO122R,,,,,,,,,,,,,,,,,,,,,,,,,,,,,,,,,,,,,,,,,,,,,,,,,,
HGY-ELECT.SUELTO,HUBU-QUI.TR.LX157R,,,,,,,,,,,,,,,,,,,,,,,,,,,,,,,,,,,,,,,,,,,,,,,,,,
HGY-ELECT.SUELTO,HUBU-QUI.GIN.BF431R,HUBU-QUI.CPL.LX157R,,,,,,,,,,,,,,,,,,,,,,,,,,,,,,,,,,,,,,,,,,,,,,,,,
HGY-ELECT.SUELTO,EXT-URPA.MAQUET,HUBU-QUI.ELEC.JG523R,HUBU-QUI.ELEC.BH111R,HUBU-QUI.ELEC.JG524R,,,,,,,,,,,,,,,,,,,,,,,,,,,,,,,,,,,,,,,,,,,,,,,
HGY-ELECT.SUELTO,HUBU-HOS.UCIP.BD222R,,,,,,,,,,,,,,,,,,,,,,,,,,,,,,,,,,,,,,,,,,,,,,,,,,
HGY-ELECT.SUELTO,EXT-QUI.014,HGY-QUI.ORL.845219,,,,,,,,,,,,,,,,,,,,,,,,,,,,,,,,,,,,,,,,,,,,,,,,,
HGY-ELECT.SUELTO,HUBU-CCEE.CGD.BD049R,HUBU-CCEE.CIN.BN004R,HUBU-CCEE.SUELTO,HUBU-CCEE.CPL.BC106R,HUBU-CCEE.CPL.BD222R,HUBU-CCEE.CPL.BD029R,EXT-URPA.MAQUET,HUBU-CCEE.CGD.BD045R,HGY-PTM.SUELTO,HUBU-CCEE.DER.BD222R,HUBU-CCEE.DER.BD511R,HUBU-CCEE.DER.FK614R,HUBU-CCEE.DER.BM205R,HUBU-CCEE.DER.BH110R,HUBU-CCEE.DER.BC171R,HUBU-CCEE.DER.BC110R,HUBU-CCEE.DER.BC020R,HUBU-QUI.ELEC.JG523R,HUBU-QUI.ELEC.BH111R,HUBU-HOS.CPL.BD511R,HUBU-CCEE.CGD.BH111R,HUBU-CCEE.DER.BC156R,HUBU-CCEE.DER.BB073R,HUBU-CCEE.CGD.BH110R,HUBU-HOS.URPA.BD049R,HUBU-HOS.URPA.BH111R,,,,,,,,,,,,,,,,,,,,,,,,,
HGY-ELECT.SUELTO,HUBU-HOS.ORL.BH111R,HUBU-HOS.ORL.BH442R,,,,,,,,,,,,,,,,,,,,,,,,,,,,,,,,,,,,,,,,,,,,,,,,,
HGY-ELECT.SUELTO,EXT-QUI.CPL.001,,,,,,,,,,,,,,,,,,,,,,,,,,,,,,,,,,,,,,,,,,,,,,,,,,
HGY-ELECT.SUELTO,HUBU-QUI.ELEC.JG523R,HUBU-QUI.ELEC.BH111R,HUBU-QUI.ELEC.JG524R,,,,,,,,,,,,,,,,,,,,,,,,,,,,,,,,,,,,,,,,,,,,,,,,
HGY-ELECT.SUELTO,HUBU-QUI.ORL.001,,,,,,,,,,,,,,,,,,,,,,,,,,,,,,,,,,,,,,,,,,,,,,,,,,
HGY-ELECT.SUELTO,EXT-UCI.MAQUET,HUBU-CCEE.CV.BD511R,HUBU-CCEE.CV.BC107R,HUBU-CCEE.CV.BC326R,,,,,,,,,,,,,,,,,,,,,,,,,,,,,,,,,,,,,,,,,,,,,,,
HGY-ELECT.SUELTO,EXT-HOS.008,,,,,,,,,,,,,,,,,,,,,,,,,,,,,,,,,,,,,,,,,,,,,,,,,,
HGY-ELECT.SUELTO,HUBU-QUI.ORL.001,,,,,,,,,,,,,,,,,,,,,,,,,,,,,,,,,,,,,,,,,,,,,,,,,,
HUBU-CCEE.CGD.BD049R,HUBU-CCEE.CPL.BC106R,HUBU-CCEE.CPL.BD222R,HUBU-CCEE.CPL.BD029R,HUBU-CCEE.CPL.BH110R,HUBU-CCEE.CGD.BD559R,HUBU-CCEE.CGD.BN134R,HUBU-CCEE.CGD.BN104R,HUBU-CCEE.CPL.OK105R,HUBU-CCEE.CGD.BH110R,HUBU-CCEE.CGD.BD555R,,,,,,,,,,,,,,,,,,,,,,,,,,,,,,,,,,,,,,,,,
HUBU-CCEE.CIN.BC060R,HUBU-CCEE.CPL.BC106R,HUBU-CCEE.CPL.BD222R,HUBU-CCEE.CIN.BD222R,HUBU-CCEE.CIN.BC061R,,,,,,,,,,,,,,,,,,,,,,,,,,,,,,,,,,,,,,,,,,,,,,,
EXT-UCI.MAQUET,EXT-HOS.002,,,,,,,,,,,,,,,,,,,,,,,,,,,,,,,,,,,,,,,,,,,,,,,,,,
EXT-UCI.MAQUET,EXT-HOS.002,,,,,,,,,,,,,,,,,,,,,,,,,,,,,,,,,,,,,,,,,,,,,,,,,,
EXT-UCI.MAQUET,EXT-HOS.002,,,,,,,,,,,,,,,,,,,,,,,,,,,,,,,,,,,,,,,,,,,,,,,,,,
EXT-UCI.MAQUET,EXT-HOS.002,,,,,,,,,,,,,,,,,,,,,,,,,,,,,,,,,,,,,,,,,,,,,,,,,,
EXT-UCI.MAQUET,HUBU-HOS.UCIP.BD222R,,,,,,,,,,,,,,,,,,,,,,,,,,,,,,,,,,,,,,,,,,,,,,,,,,
EXT-UCI.MAQUET,HUBU-HOS.UCIA.BD557R,,,,,,,,,,,,,,,,,,,,,,,,,,,,,,,,,,,,,,,,,,,,,,,,,,
EXT-UCI.MAQUET,EXT-HOS.002,,,,,,,,,,,,,,,,,,,,,,,,,,,,,,,,,,,,,,,,,,,,,,,,,,
EXT-UCI.MAQUET,EXT-HOS.002,,,,,,,,,,,,,,,,,,,,,,,,,,,,,,,,,,,,,,,,,,,,,,,,,,
EXT-UCI.MAQUET,EXT-HOS.002,EXT-HOS.001,,,,,,,,,,,,,,,,,,,,,,,,,,,,,,,,,,,,,,,,,,,,,,,,,
EXT-UCI.MAQUET,HUBU-HOS.HDON.BD049R,HUBU-CCEE.CIN.BD222R,HUBU-QUI.ELEC.BH111R,HUBU-HOS.HDON.BC316R,HUBU-HOS.UCIA.BC555R,,,,,,,,,,,,,,,,,,,,,,,,,,,,,,,,,,,,,,,,,,,,,,
EXT-UCI.MAQUET,EXT-HOS.002,,,,,,,,,,,,,,,,,,,,,,,,,,,,,,,,,,,,,,,,,,,,,,,,,,
EXT-UCI.MAQUET,EXT-HOS.002,,,,,,,,,,,,,,,,,,,,,,,,,,,,,,,,,,,,,,,,,,,,,,,,,,
EXT-HOS.002,HGY-REH.SUELTO,,,,,,,,,,,,,,,,,,,,,,,,,,,,,,,,,,,,,,,,,,,,,,,,,,
HUBU-QUI.HEMO.JG523R,HUBU-QUI.ELEC.JG523R,HUBU-HOS.NEO.BC110R,,,,,,,,,,,,,,,,,,,,,,,,,,,,,,,,,,,,,,,,,,,,,,,,,
HUBU-QUI.HEMO.JG523R,HUBU-CCEE.CV.BD511R,HUBU-CCEE.CV.BD222R,HUBU-CCEE.CV.BC326R,,,,,,,,,,,,,,,,,,,,,,,,,,,,,,,,,,,,,,,,,,,,,,,,
HUBU-QUI.CP.BN004R,HUBU-QUI.CP.BC545R,HUBU-QUI.CG.BC545R,HUBU-QUI.ORL.BC544R,,,,,,,,,,,,,,,,,,,,,,,,,,,,,,,,,,,,,,,,,,,,,,,,
HUBU-QUI.CP.BN004R,HUBU-QUI.CPL.LX159R,HUBU-QUI.CP.BC601R,,,,,,,,,,,,,,,,,,,,,,,,,,,,,,,,,,,,,,,,,,,,,,,,,
HUBU-CCEE.CPL.BC106R,HUBU-CCEE.CPL.BD222R,HUBU-CCEE.CPL.BD029R,HUBU-CCEE.CPL.BH110R,,,,,,,,,,,,,,,,,,,,,,,,,,,,,,,,,,,,,,,,,,,,,,,,
EXT-QUI.011,EXT-QUI.014,,,,,,,,,,,,,,,,,,,,,,,,,,,,,,,,,,,,,,,,,,,,,,,,,,
EXT-QUI.011,HUBU-QUI.CP.BD222R,,,,,,,,,,,,,,,,,,,,,,,,,,,,,,,,,,,,,,,,,,,,,,,,,,
EXT-QUI.011,EXT-QUI.014,,,,,,,,,,,,,,,,,,,,,,,,,,,,,,,,,,,,,,,,,,,,,,,,,,
EXT-QUI.011,EXT-QUI.014,,,,,,,,,,,,,,,,,,,,,,,,,,,,,,,,,,,,,,,,,,,,,,,,,,
EXT-QUI.011,EXT-QUI.015,EXT-QUI.014,,,,,,,,,,,,,,,,,,,,,,,,,,,,,,,,,,,,,,,,,,,,,,,,,
EXT-QUI.011,HUBU-URG.GIN.BD052R,,,,,,,,,,,,,,,,,,,,,,,,,,,,,,,,,,,,,,,,,,,,,,,,,,
EXT-QUI.011,EXT-QUI.KIRSCHNER,,,,,,,,,,,,,,,,,,,,,,,,,,,,,,,,,,,,,,,,,,,,,,,,,,
EXT-QUI.011,EXT-QUI.014,,,,,,,,,,,,,,,,,,,,,,,,,,,,,,,,,,,,,,,,,,,,,,,,,,
EXT-QUI.015,EXT-QUI.CPL.001,HUBU-QUI.CPL.BT030R,,,,,,,,,,,,,,,,,,,,,,,,,,,,,,,,,,,,,,,,,,,,,,,,,
EXT-QUI.015,EXT-QUI.KIRSCHNER,HUBU-QUI.GIN.MDO76,HUBU-QUI.GIN.BD560R,HUBU-QUI.CG.BD053R,HUBU-QUI.CG.BD563R,,,,,,,,,,,,,,,,,,,,,,,,,,,,,,,,,,,,,,,,,,,,,,
EXT-QUI.015,EXT-HOS.008,,,,,,,,,,,,,,,,,,,,,,,,,,,,,,,,,,,,,,,,,,,,,,,,,,
EXT-QUI.015,HUBU-QUI.CPL.LX157R,,,,,,,,,,,,,,,,,,,,,,,,,,,,,,,,,,,,,,,,,,,,,,,,,,
EXT-QUI.012,HUBU-QUI.PAR.BF122R,HUBU-QUI.CPL.JG524R,HUBU-QUI.PAR.BB075R,,,,,,,,,,,,,,,,,,,,,,,,,,,,,,,,,,,,,,,,,,,,,,,,
EXT-QUI.012,EXT-QUI.014,EXT-QUI.016,HUBU-QUI.PAR.BD050R,,,,,,,,,,,,,,,,,,,,,,,,,,,,,,,,,,,,,,,,,,,,,,,,
EXT-QUI.CPL.001,EXT-QUI.FIADOR,,,,,,,,,,,,,,,,,,,,,,,,,,,,,,,,,,,,,,,,,,,,,,,,,,
HUBU-QUI.PAR.BF122R,HUBU-QUI.PAR.BB175R,EXT-HOS.001,,,,,,,,,,,,,,,,,,,,,,,,,,,,,,,,,,,,,,,,,,,,,,,,,
HUBU-QUI.PAR.BF122R,HUBU-QUI.PAR.BB175R,HUBU-QUI.TR.MD456R,,,,,,,,,,,,,,,,,,,,,,,,,,,,,,,,,,,,,,,,,,,,,,,,,
HUBU-QUI.PAR.BF122R,HUBU-QUI.PAR.BB175R,,,,,,,,,,,,,,,,,,,,,,,,,,,,,,,,,,,,,,,,,,,,,,,,,,
HUBU-QUI.PAR.BF122R,HUBU-QUI.PAR.BB175R,HUBU-QUI.PAR.BH177R,,,,,,,,,,,,,,,,,,,,,,,,,,,,,,,,,,,,,,,,,,,,,,,,,
HUBU-QUI.PAR.BF122R,HUBU-QUI.PAR.BB175R,,,,,,,,,,,,,,,,,,,,,,,,,,,,,,,,,,,,,,,,,,,,,,,,,,
HUBU-QUI.PAR.BF122R,HUBU-QUI.PAR.BD562R,,,,,,,,,,,,,,,,,,,,,,,,,,,,,,,,,,,,,,,,,,,,,,,,,,
HUBU-QUI.PAR.BF122R,HUBU-QUI.PAR.BB175R,HUBU-QUI.PAR.EL043R,,,,,,,,,,,,,,,,,,,,,,,,,,,,,,,,,,,,,,,,,,,,,,,,,
HUBU-QUI.PAR.BF122R,HUBU-QUI.PAR.BB175R,HUBU-URG.SUELTO,HUBU-URG.ORL.BD560R,HUBU-QUI.PAR.BD560R,HUBU-URG.ORL.BH444R,,,,,,,,,,,,,,,,,,,,,,,,,,,,,,,,,,,,,,,,,,,,,,
HUBU-QUI.PAR.BF122R,HUBU-QUI.PAR.BB175R,,,,,,,,,,,,,,,,,,,,,,,,,,,,,,,,,,,,,,,,,,,,,,,,,,
HUBU-QUI.PAR.BF122R,HUBU-QUI.PAR.BB175R,,,,,,,,,,,,,,,,,,,,,,,,,,,,,,,,,,,,,,,,,,,,,,,,,,
HUBU-QUI.PAR.BF122R,HUBU-QUI.PAR.BB175R,,,,,,,,,,,,,,,,,,,,,,,,,,,,,,,,,,,,,,,,,,,,,,,,,,
HUBU-QUI.PAR.BF122R,HUBU-QUI.PAR.BB175R,,,,,,,,,,,,,,,,,,,,,,,,,,,,,,,,,,,,,,,,,,,,,,,,,,
HUBU-QUI.PAR.BF122R,HUBU-QUI.PAR.BB175R,,,,,,,,,,,,,,,,,,,,,,,,,,,,,,,,,,,,,,,,,,,,,,,,,,
HUBU-QUI.PAR.BF122R,HUBU-QUI.PAR.BB175R,HUBU-URG.GIN.BD052R,,,,,,,,,,,,,,,,,,,,,,,,,,,,,,,,,,,,,,,,,,,,,,,,,
HUBU-QUI.PAR.BF122R,HUBU-QUI.PAR.BD562R,HUBU-QUI.PAR.BB175R,,,,,,,,,,,,,,,,,,,,,,,,,,,,,,,,,,,,,,,,,,,,,,,,,
HUBU-QUI.PAR.BF122R,HUBU-QUI.PAR.BB175R,,,,,,,,,,,,,,,,,,,,,,,,,,,,,,,,,,,,,,,,,,,,,,,,,,
HUBU-QUI.PAR.BD562R,HUBU-HOS.UCIA.BH110R,,,,,,,,,,,,,,,,,,,,,,,,,,,,,,,,,,,,,,,,,,,,,,,,,,
HUBU-QUI.PAR.BD562R,HUBU-QUI.PAR.EL043R,,,,,,,,,,,,,,,,,,,,,,,,,,,,,,,,,,,,,,,,,,,,,,,,,,
HUBU-QUI.PAR.BD562R,HUBU-QUI.PAR.EL043R,,,,,,,,,,,,,,,,,,,,,,,,,,,,,,,,,,,,,,,,,,,,,,,,,,
HUBU-URG.BH442R,HUBU-URG.ORL.BD560R,,,,,,,,,,,,,,,,,,,,,,,,,,,,,,,,,,,,,,,,,,,,,,,,,,
HUBU-URG.BH442R,HUBU-URG.GIN.EL041R,,,,,,,,,,,,,,,,,,,,,,,,,,,,,,,,,,,,,,,,,,,,,,,,,,
HUBU-URG.BH442R,HUBU-QUI.TR.LX164R,,,,,,,,,,,,,,,,,,,,,,,,,,,,,,,,,,,,,,,,,,,,,,,,,,
HUBU-URG.BH111R,HUBU-QUI.PAR.EL043R,HUBU-URG.BH110R,,,,,,,,,,,,,,,,,,,,,,,,,,,,,,,,,,,,,,,,,,,,,,,,,
HUBU-QUI.CP.BC545R,HUBU-QUI.ORL.BD222R,,,,,,,,,,,,,,,,,,,,,,,,,,,,,,,,,,,,,,,,,,,,,,,,,,
HUBU-QUI.CPL.FO918A,EXT-QUI.FIADOR,,,,,,,,,,,,,,,,,,,,,,,,,,,,,,,,,,,,,,,,,,,,,,,,,,
HUBU-QUI.CPL.FO918A,HUBU-QUI.CPL.BT008R,,,,,,,,,,,,,,,,,,,,,,,,,,,,,,,,,,,,,,,,,,,,,,,,,,
HUBU-QUI.CPL.FO918A,HUBU-QUI.TR.FO118R,HUBU-QUI.CPL.LX157R,,,,,,,,,,,,,,,,,,,,,,,,,,,,,,,,,,,,,,,,,,,,,,,,,
HUBU-QUI.CPL.FO918A,HUBU-QUI.CPL.BJ100R,HUBU-QUI.CPL.BT030R,,,,,,,,,,,,,,,,,,,,,,,,,,,,,,,,,,,,,,,,,,,,,,,,,
HUBU-QUI.CPL.JG524R,HUBU-QUI.CPL.BT008R,HUBU-QUI.CPL.JG522R,,,,,,,,,,,,,,,,,,,,,,,,,,,,,,,,,,,,,,,,,,,,,,,,,
HUBU-QUI.CPL.JG524R,HUBU-QUI.CPL.BT030R,,,,,,,,,,,,,,,,,,,,,,,,,,,,,,,,,,,,,,,,,,,,,,,,,,
HUBU-QUI.CPL.JG524R,HUBU-QUI.CPL.BJ014R,,,,,,,,,,,,,,,,,,,,,,,,,,,,,,,,,,,,,,,,,,,,,,,,,,
EXT-QUI.HARM,HUBU-QUI.CV.FO614R,HUBU-QUI.CV.FO647R,,,,,,,,,,,,,,,,,,,,,,,,,,,,,,,,,,,,,,,,,,,,,,,,,
EXT-QUI.HARM,HUBU-QUI.CPL.GK774R,,,,,,,,,,,,,,,,,,,,,,,,,,,,,,,,,,,,,,,,,,,,,,,,,,
EXT-QUI.HARM,HUBU-QUI.CPL.BJ013R,HUBU-QUI.CG.BD053R,,,,,,,,,,,,,,,,,,,,,,,,,,,,,,,,,,,,,,,,,,,,,,,,,
EXT-QUI.OMS800.03,HUBU-QUI.URO.BH108R,,,,,,,,,,,,,,,,,,,,,,,,,,,,,,,,,,,,,,,,,,,,,,,,,,
EXT-URPA.MAQUET,HUBU-CCEE.DER.BD222R,HUBU-CCEE.DER.BD511R,HUBU-CCEE.DER.FK614R,HUBU-CCEE.DER.BM205R,HUBU-CCEE.DER.BH110R,HUBU-CCEE.DER.BC171R,HUBU-CCEE.DER.BC110R,HUBU-CCEE.DER.BC020R,HUBU-CCEE.DER.BH111R,HUBU-CCEE.DER.FF321R,HUBU-CCEE.DER.BB073R,,,,,,,,,,,,,,,,,,,,,,,,,,,,,,,,,,,,,,,,
HUBU-QUI.TR.BD560R,HUBU-QUI.TR.BV273R,,,,,,,,,,,,,,,,,,,,,,,,,,,,,,,,,,,,,,,,,,,,,,,,,,
HUBU-QUI.TR.LX156R,HUBU-QUI.PAR.EL043R,HUBU-URG.GIN.BF135R,,,,,,,,,,,,,,,,,,,,,,,,,,,,,,,,,,,,,,,,,,,,,,,,,
HUBU-QUI.TR.MD456R,HUBU-QUI.CP.BM065R,HUBU-QUI.CPL.LX159R,,,,,,,,,,,,,,,,,,,,,,,,,,,,,,,,,,,,,,,,,,,,,,,,,
HUBU-QUI.TR.MD456R,HUBU-QUI.TR.FL090R,,,,,,,,,,,,,,,,,,,,,,,,,,,,,,,,,,,,,,,,,,,,,,,,,,
HUBU-HOS.ORL.BH111R,HUBU-HOS.GINE.BH646R,,,,,,,,,,,,,,,,,,,,,,,,,,,,,,,,,,,,,,,,,,,,,,,,,,
HUBU-QUI.CP.BM065R,HUBU-QUI.ORL.BM066R,EXT-QUI.OMS800.05,,,,,,,,,,,,,,,,,,,,,,,,,,,,,,,,,,,,,,,,,,,,,,,,,
HUBU-QUI.ORL.BM065R,EXT-HOS.008,HUBU-QUI.ORL.BM066R,,,,,,,,,,,,,,,,,,,,,,,,,,,,,,,,,,,,,,,,,,,,,,,,,
HUBU-URG.SUELTO,HUBU-URG.GIN.BD052R,,,,,,,,,,,,,,,,,,,,,,,,,,,,,,,,,,,,,,,,,,,,,,,,,,
HUBU-URG.SUELTO,HUBU-URG.GIN.EL041R,,,,,,,,,,,,,,,,,,,,,,,,,,,,,,,,,,,,,,,,,,,,,,,,,,
HUBU-URG.SUELTO,HUBU-URG.ORL.BH444R,,,,,,,,,,,,,,,,,,,,,,,,,,,,,,,,,,,,,,,,,,,,,,,,,,
HUBU-HOS.HEMT.BD049R,HUBU-HOS.NEF.BC445R,,,,,,,,,,,,,,,,,,,,,,,,,,,,,,,,,,,,,,,,,,,,,,,,,,
HUBU-QUI.CPL.BT030R,HUBU-QUI.CG.BD053R,HUBU-QUI.CG.BD563R,,,,,,,,,,,,,,,,,,,,,,,,,,,,,,,,,,,,,,,,,,,,,,,,,
HUBU-QUI.CPL.BT030R,HUBU-QUI.ORL.001,HUBU-QUI.TR.LX203R,,,,,,,,,,,,,,,,,,,,,,,,,,,,,,,,,,,,,,,,,,,,,,,,,
HUBU-QUI.CPL.LX159R,HUBU-QUI.CPL.LX157R,,,,,,,,,,,,,,,,,,,,,,,,,,,,,,,,,,,,,,,,,,,,,,,,,,
EXT-QUI.FIADOR,HUBU-QUI.TR.LX164R,,,,,,,,,,,,,,,,,,,,,,,,,,,,,,,,,,,,,,,,,,,,,,,,,,
EXT-QUI.FIADOR,HUBU-QUI.TR.LX164R,HUBU-QUI.GIN.BC557R,,,,,,,,,,,,,,,,,,,,,,,,,,,,,,,,,,,,,,,,,,,,,,,,,
EXT-QUI.FIADOR,EXT-QUI.016,,,,,,,,,,,,,,,,,,,,,,,,,,,,,,,,,,,,,,,,,,,,,,,,,,
HUBU-HOS.ORL.BH442R,HUBU-HOS.ORL.BD222R,,,,,,,,,,,,,,,,,,,,,,,,,,,,,,,,,,,,,,,,,,,,,,,,,,
HUBU-HOS.CGB.BH442R,HUBU-HOS.GINE.EL041R,HUBU-HOS.TRA.BH442R,HUBU-HOS.GINE.BH646R,,,,,,,,,,,,,,,,,,,,,,,,,,,,,,,,,,,,,,,,,,,,,,,,
HUBU-QUI.TR.FO118R,HUBU-QUI.TR.FO183R,HUBU-QUI.TR.FO181R,,,,,,,,,,,,,,,,,,,,,,,,,,,,,,,,,,,,,,,,,,,,,,,,,
HUBU-URG.ORL.BD560R,HUBU-URG.GIN.BD052R,,,,,,,,,,,,,,,,,,,,,,,,,,,,,,,,,,,,,,,,,,,,,,,,,,
HUBU-QUI.PAR.BM065R,HUBU-QUI.PAR.BD560R,,,,,,,,,,,,,,,,,,,,,,,,,,,,,,,,,,,,,,,,,,,,,,,,,,
HUBU-HOS.UCIP.BD222R,EXT-HOS.NEO.002,,,,,,,,,,,,,,,,,,,,,,,,,,,,,,,,,,,,,,,,,,,,,,,,,,
HUBU-URG.BH630R,HUBU-URG.BH110R,,,,,,,,,,,,,,,,,,,,,,,,,,,,,,,,,,,,,,,,,,,,,,,,,,
HUBU-URG.GIN.BD052R,HUBU-URG.GIN.EL041R,,,,,,,,,,,,,,,,,,,,,,,,,,,,,,,,,,,,,,,,,,,,,,,,,,
